Year,Installation,BLK NAME,PLOT,TREE,Seedlot,Replication,Metric,Management,Defect,Value
2022,SHERRY TRANSFER,WR,1,201,2118-85,,CALIPER GROWTH (MM),None,None,1.0
2022,SHERRY TRANSFER,WR,1,202,2118-85,,CALIPER GROWTH (MM),None,None,0.7
2022,SHERRY TRANSFER,WR,1,219,2118-85,,CALIPER GROWTH (MM),None,None,1.3
2022,SHERRY TRANSFER,WR,1,220,2118-85,,CALIPER GROWTH (MM),None,None,0.2
2022,SHERRY TRANSFER,WR,1,221,2118-85,,CALIPER GROWTH (MM),None,None,2.5
2022,SHERRY TRANSFER,WR,1,222,2118-85,,CALIPER GROWTH (MM),None,None,1.9
2022,SHERRY TRANSFER,WR,1,239,2118-85,,CALIPER GROWTH (MM),Dead,None,
2022,SHERRY TRANSFER,WR,1,240,2118-85,,CALIPER GROWTH (MM),None,None,1.0
2022,SHERRY TRANSFER,WR,1,241,2118-85,,CALIPER GROWTH (MM),None,None,4.3
2022,SHERRY TRANSFER,WR,1,242,2118-85,,CALIPER GROWTH (MM),None,None,1.8
2022,SHERRY TRANSFER,WR,1,259,2118-85,,CALIPER GROWTH (MM),None,None,2.8
2022,SHERRY TRANSFER,WR,1,260,2118-85,,CALIPER GROWTH (MM),None,None,2.1
2022,SHERRY TRANSFER,WR,1,261,2118-85,,CALIPER GROWTH (MM),None,None,1.3
2022,SHERRY TRANSFER,WR,1,280,2118-85,,CALIPER GROWTH (MM),None,None,1.0
2022,SHERRY TRANSFER,WR,1,281,2118-85,,CALIPER GROWTH (MM),None,None,2.7
2022,SHERRY TRANSFER,WR,1,300,2118-85,,CALIPER GROWTH (MM),None,None,1.1
2022,SHERRY TRANSFER,WR,1,210,25-78,,CALIPER GROWTH (MM),None,None,1.8
2022,SHERRY TRANSFER,WR,1,211,25-78,,CALIPER GROWTH (MM),None,None,3.6
2022,SHERRY TRANSFER,WR,1,230,25-78,,CALIPER GROWTH (MM),None,None,1.2
2022,SHERRY TRANSFER,WR,1,231,25-78,,CALIPER GROWTH (MM),None,None,1.0
2022,SHERRY TRANSFER,WR,1,232,25-78,,CALIPER GROWTH (MM),None,None,1.9
2022,SHERRY TRANSFER,WR,1,249,25-78,,CALIPER GROWTH (MM),None,None,2.3
2022,SHERRY TRANSFER,WR,1,250,25-78,,CALIPER GROWTH (MM),None,None,3.2
2022,SHERRY TRANSFER,WR,1,251,25-78,,CALIPER GROWTH (MM),None,None,1.3
2022,SHERRY TRANSFER,WR,1,252,25-78,,CALIPER GROWTH (MM),None,None,3.2
2022,SHERRY TRANSFER,WR,1,269,25-78,,CALIPER GROWTH (MM),None,None,2.6
2022,SHERRY TRANSFER,WR,1,270,25-78,,CALIPER GROWTH (MM),None,None,1.0
2022,SHERRY TRANSFER,WR,1,271,25-78,,CALIPER GROWTH (MM),None,None,2.4
2022,SHERRY TRANSFER,WR,1,272,25-78,,CALIPER GROWTH (MM),None,None,0.8
2022,SHERRY TRANSFER,WR,1,289,25-78,,CALIPER GROWTH (MM),None,None,2.1
2022,SHERRY TRANSFER,WR,1,290,25-78,,CALIPER GROWTH (MM),None,None,2.2
2022,SHERRY TRANSFER,WR,1,291,25-78,,CALIPER GROWTH (MM),None,None,3.8
2022,SHERRY TRANSFER,WR,1,292,25-78,,CALIPER GROWTH (MM),None,None,2.2
2022,SHERRY TRANSFER,WR,1,205,80-01,,CALIPER GROWTH (MM),None,None,1.5
2022,SHERRY TRANSFER,WR,1,216,80-01,,CALIPER GROWTH (MM),None,None,1.1
2022,SHERRY TRANSFER,WR,1,225,80-01,,CALIPER GROWTH (MM),None,None,4.1
2022,SHERRY TRANSFER,WR,1,236,80-01,,CALIPER GROWTH (MM),None,None,4.4
2022,SHERRY TRANSFER,WR,1,237,80-01,,CALIPER GROWTH (MM),None,None,4.6
2022,SHERRY TRANSFER,WR,1,244,80-01,,CALIPER GROWTH (MM),None,None,2.2
2022,SHERRY TRANSFER,WR,1,245,80-01,,CALIPER GROWTH (MM),None,None,1.9
2022,SHERRY TRANSFER,WR,1,256,80-01,,CALIPER GROWTH (MM),None,None,3.5
2022,SHERRY TRANSFER,WR,1,257,80-01,,CALIPER GROWTH (MM),None,None,3.3
2022,SHERRY TRANSFER,WR,1,264,80-01,,CALIPER GROWTH (MM),None,None,2.3
2022,SHERRY TRANSFER,WR,1,265,80-01,,CALIPER GROWTH (MM),None,None,2.7
2022,SHERRY TRANSFER,WR,1,276,80-01,,CALIPER GROWTH (MM),None,None,3.3
2022,SHERRY TRANSFER,WR,1,277,80-01,,CALIPER GROWTH (MM),None,None,2.4
2022,SHERRY TRANSFER,WR,1,284,80-01,,CALIPER GROWTH (MM),None,None,1.8
2022,SHERRY TRANSFER,WR,1,285,80-01,,CALIPER GROWTH (MM),None,None,2.1
2022,SHERRY TRANSFER,WR,1,296,80-01,,CALIPER GROWTH (MM),None,None,2.5
2022,SHERRY TRANSFER,WR,1,297,80-01,,CALIPER GROWTH (MM),None,None,3.0
2022,SHERRY TRANSFER,WR,1,206,80-21,,CALIPER GROWTH (MM),None,None,2.5
2022,SHERRY TRANSFER,WR,1,207,80-21,,CALIPER GROWTH (MM),None,None,1.2
2022,SHERRY TRANSFER,WR,1,214,80-21,,CALIPER GROWTH (MM),None,None,1.7
2022,SHERRY TRANSFER,WR,1,215,80-21,,CALIPER GROWTH (MM),None,None,2.2
2022,SHERRY TRANSFER,WR,1,226,80-21,,CALIPER GROWTH (MM),None,None,2.4
2022,SHERRY TRANSFER,WR,1,227,80-21,,CALIPER GROWTH (MM),None,None,1.3
2022,SHERRY TRANSFER,WR,1,234,80-21,,CALIPER GROWTH (MM),None,None,1.2
2022,SHERRY TRANSFER,WR,1,235,80-21,,CALIPER GROWTH (MM),None,None,2.9
2022,SHERRY TRANSFER,WR,1,246,80-21,,CALIPER GROWTH (MM),None,None,0.7
2022,SHERRY TRANSFER,WR,1,247,80-21,,CALIPER GROWTH (MM),None,None,0.8
2022,SHERRY TRANSFER,WR,1,254,80-21,,CALIPER GROWTH (MM),None,None,3.8
2022,SHERRY TRANSFER,WR,1,255,80-21,,CALIPER GROWTH (MM),None,None,0.3
2022,SHERRY TRANSFER,WR,1,266,80-21,,CALIPER GROWTH (MM),None,None,1.4
2022,SHERRY TRANSFER,WR,1,275,80-21,,CALIPER GROWTH (MM),None,None,2.2
2022,SHERRY TRANSFER,WR,1,286,80-21,,CALIPER GROWTH (MM),None,None,2.7
2022,SHERRY TRANSFER,WR,1,295,80-21,,CALIPER GROWTH (MM),None,None,1.6
2022,SHERRY TRANSFER,WR,1,208,97-22,,CALIPER GROWTH (MM),None,None,1.6
2022,SHERRY TRANSFER,WR,1,209,97-22,,CALIPER GROWTH (MM),None,None,2.0
2022,SHERRY TRANSFER,WR,1,212,97-22,,CALIPER GROWTH (MM),None,None,0.6
2022,SHERRY TRANSFER,WR,1,213,97-22,,CALIPER GROWTH (MM),Dead,None,
2022,SHERRY TRANSFER,WR,1,228,97-22,,CALIPER GROWTH (MM),None,None,1.4
2022,SHERRY TRANSFER,WR,1,229,97-22,,CALIPER GROWTH (MM),None,None,2.2
2022,SHERRY TRANSFER,WR,1,233,97-22,,CALIPER GROWTH (MM),None,None,1.6
2022,SHERRY TRANSFER,WR,1,248,97-22,,CALIPER GROWTH (MM),None,None,1.8
2022,SHERRY TRANSFER,WR,1,253,97-22,,CALIPER GROWTH (MM),None,None,1.8
2022,SHERRY TRANSFER,WR,1,267,97-22,,CALIPER GROWTH (MM),None,None,1.5
2022,SHERRY TRANSFER,WR,1,268,97-22,,CALIPER GROWTH (MM),None,None,1.9
2022,SHERRY TRANSFER,WR,1,273,97-22,,CALIPER GROWTH (MM),None,None,3.2
2022,SHERRY TRANSFER,WR,1,274,97-22,,CALIPER GROWTH (MM),None,None,1.8
2022,SHERRY TRANSFER,WR,1,287,97-22,,CALIPER GROWTH (MM),None,None,3.6
2022,SHERRY TRANSFER,WR,1,288,97-22,,CALIPER GROWTH (MM),None,None,2.3
2022,SHERRY TRANSFER,WR,1,293,97-22,,CALIPER GROWTH (MM),None,None,1.3
2022,SHERRY TRANSFER,WR,1,294,97-22,,CALIPER GROWTH (MM),None,None,2.8
2022,SHERRY TRANSFER,WR,1,203,GOOD HOPE,,CALIPER GROWTH (MM),None,None,1.5
2022,SHERRY TRANSFER,WR,1,204,GOOD HOPE,,CALIPER GROWTH (MM),None,None,3.9
2022,SHERRY TRANSFER,WR,1,217,GOOD HOPE,,CALIPER GROWTH (MM),None,None,1.6
2022,SHERRY TRANSFER,WR,1,218,GOOD HOPE,,CALIPER GROWTH (MM),None,None,1.2
2022,SHERRY TRANSFER,WR,1,223,GOOD HOPE,,CALIPER GROWTH (MM),None,None,1.6
2022,SHERRY TRANSFER,WR,1,224,GOOD HOPE,,CALIPER GROWTH (MM),None,None,3.4
2022,SHERRY TRANSFER,WR,1,238,GOOD HOPE,,CALIPER GROWTH (MM),None,None,3.6
2022,SHERRY TRANSFER,WR,1,243,GOOD HOPE,,CALIPER GROWTH (MM),None,None,2.6
2022,SHERRY TRANSFER,WR,1,258,GOOD HOPE,,CALIPER GROWTH (MM),None,None,1.0
2022,SHERRY TRANSFER,WR,1,262,GOOD HOPE,,CALIPER GROWTH (MM),None,None,1.1
2022,SHERRY TRANSFER,WR,1,263,GOOD HOPE,,CALIPER GROWTH (MM),None,None,1.9
2022,SHERRY TRANSFER,WR,1,278,GOOD HOPE,,CALIPER GROWTH (MM),None,None,2.6
2022,SHERRY TRANSFER,WR,1,279,GOOD HOPE,,CALIPER GROWTH (MM),None,None,1.5
2022,SHERRY TRANSFER,WR,1,282,GOOD HOPE,,CALIPER GROWTH (MM),None,None,3.3
2022,SHERRY TRANSFER,WR,1,283,GOOD HOPE,,CALIPER GROWTH (MM),None,None,2.2
2022,SHERRY TRANSFER,WR,1,298,GOOD HOPE,,CALIPER GROWTH (MM),None,None,2.3
2022,SHERRY TRANSFER,WR,1,299,GOOD HOPE,,CALIPER GROWTH (MM),None,None,1.8
2022,SHERRY TRANSFER,WR,2,308,2118-85,,CALIPER GROWTH (MM),None,None,0.1
2022,SHERRY TRANSFER,WR,2,309,2118-85,,CALIPER GROWTH (MM),None,None,1.8
2022,SHERRY TRANSFER,WR,2,312,2118-85,,CALIPER GROWTH (MM),None,None,2.6
2022,SHERRY TRANSFER,WR,2,313,2118-85,,CALIPER GROWTH (MM),None,None,1.1
2022,SHERRY TRANSFER,WR,2,328,2118-85,,CALIPER GROWTH (MM),None,None,2.7
2022,SHERRY TRANSFER,WR,2,329,2118-85,,CALIPER GROWTH (MM),None,None,2.1
2022,SHERRY TRANSFER,WR,2,332,2118-85,,CALIPER GROWTH (MM),None,None,1.3
2022,SHERRY TRANSFER,WR,2,333,2118-85,,CALIPER GROWTH (MM),None,None,1.2
2022,SHERRY TRANSFER,WR,2,348,2118-85,,CALIPER GROWTH (MM),None,None,3.2
2022,SHERRY TRANSFER,WR,2,353,2118-85,,CALIPER GROWTH (MM),None,None,2.7
2022,SHERRY TRANSFER,WR,2,368,2118-85,,CALIPER GROWTH (MM),None,None,2.5
2022,SHERRY TRANSFER,WR,2,373,2118-85,,CALIPER GROWTH (MM),None,None,2.4
2022,SHERRY TRANSFER,WR,2,374,2118-85,,CALIPER GROWTH (MM),None,None,1.2
2022,SHERRY TRANSFER,WR,2,387,2118-85,,CALIPER GROWTH (MM),None,None,2.0
2022,SHERRY TRANSFER,WR,2,388,2118-85,,CALIPER GROWTH (MM),None,None,2.6
2022,SHERRY TRANSFER,WR,2,393,2118-85,,CALIPER GROWTH (MM),None,None,2.3
2022,SHERRY TRANSFER,WR,2,394,2118-85,,CALIPER GROWTH (MM),None,None,1.7
2022,SHERRY TRANSFER,WR,2,306,25-78,,CALIPER GROWTH (MM),None,None,2.5
2022,SHERRY TRANSFER,WR,2,307,25-78,,CALIPER GROWTH (MM),None,None,2.6
2022,SHERRY TRANSFER,WR,2,314,25-78,,CALIPER GROWTH (MM),None,None,2.0
2022,SHERRY TRANSFER,WR,2,315,25-78,,CALIPER GROWTH (MM),None,None,0.6
2022,SHERRY TRANSFER,WR,2,326,25-78,,CALIPER GROWTH (MM),None,None,2.6
2022,SHERRY TRANSFER,WR,2,327,25-78,,CALIPER GROWTH (MM),None,None,3.8
2022,SHERRY TRANSFER,WR,2,334,25-78,,CALIPER GROWTH (MM),None,None,2.3
2022,SHERRY TRANSFER,WR,2,335,25-78,,CALIPER GROWTH (MM),None,None,1.2
2022,SHERRY TRANSFER,WR,2,346,25-78,,CALIPER GROWTH (MM),None,None,1.6
2022,SHERRY TRANSFER,WR,2,347,25-78,,CALIPER GROWTH (MM),None,None,2.1
2022,SHERRY TRANSFER,WR,2,354,25-78,,CALIPER GROWTH (MM),None,None,1.5
2022,SHERRY TRANSFER,WR,2,355,25-78,,CALIPER GROWTH (MM),None,None,2.0
2022,SHERRY TRANSFER,WR,2,366,25-78,,CALIPER GROWTH (MM),None,None,2.5
2022,SHERRY TRANSFER,WR,2,367,25-78,,CALIPER GROWTH (MM),None,None,2.2
2022,SHERRY TRANSFER,WR,2,375,25-78,,CALIPER GROWTH (MM),None,None,2.6
2022,SHERRY TRANSFER,WR,2,386,25-78,,CALIPER GROWTH (MM),None,None,0.9
2022,SHERRY TRANSFER,WR,2,395,25-78,,CALIPER GROWTH (MM),None,None,1.7
2022,SHERRY TRANSFER,WR,2,301,80-01,,CALIPER GROWTH (MM),None,None,1.3
2022,SHERRY TRANSFER,WR,2,302,80-01,,CALIPER GROWTH (MM),None,None,2.1
2022,SHERRY TRANSFER,WR,2,319,80-01,,CALIPER GROWTH (MM),None,None,2.6
2022,SHERRY TRANSFER,WR,2,320,80-01,,CALIPER GROWTH (MM),None,None,2.2
2022,SHERRY TRANSFER,WR,2,321,80-01,,CALIPER GROWTH (MM),None,None,2.3
2022,SHERRY TRANSFER,WR,2,322,80-01,,CALIPER GROWTH (MM),None,None,3.0
2022,SHERRY TRANSFER,WR,2,339,80-01,,CALIPER GROWTH (MM),None,None,2.0
2022,SHERRY TRANSFER,WR,2,340,80-01,,CALIPER GROWTH (MM),None,None,1.1
2022,SHERRY TRANSFER,WR,2,341,80-01,,CALIPER GROWTH (MM),None,None,1.2
2022,SHERRY TRANSFER,WR,2,342,80-01,,CALIPER GROWTH (MM),None,None,2.6
2022,SHERRY TRANSFER,WR,2,359,80-01,,CALIPER GROWTH (MM),None,None,2.8
2022,SHERRY TRANSFER,WR,2,360,80-01,,CALIPER GROWTH (MM),None,None,1.7
2022,SHERRY TRANSFER,WR,2,361,80-01,,CALIPER GROWTH (MM),None,None,1.3
2022,SHERRY TRANSFER,WR,2,380,80-01,,CALIPER GROWTH (MM),None,None,2.2
2022,SHERRY TRANSFER,WR,2,381,80-01,,CALIPER GROWTH (MM),None,None,2.0
2022,SHERRY TRANSFER,WR,2,400,80-01,,CALIPER GROWTH (MM),None,None,1.6
2022,SHERRY TRANSFER,WR,2,303,80-21,,CALIPER GROWTH (MM),None,None,4.1
2022,SHERRY TRANSFER,WR,2,304,80-21,,CALIPER GROWTH (MM),None,None,2.7
2022,SHERRY TRANSFER,WR,2,317,80-21,,CALIPER GROWTH (MM),None,None,2.1
2022,SHERRY TRANSFER,WR,2,318,80-21,,CALIPER GROWTH (MM),None,None,1.1
2022,SHERRY TRANSFER,WR,2,323,80-21,,CALIPER GROWTH (MM),None,None,1.6
2022,SHERRY TRANSFER,WR,2,324,80-21,,CALIPER GROWTH (MM),None,None,2.1
2022,SHERRY TRANSFER,WR,2,338,80-21,,CALIPER GROWTH (MM),None,None,3.2
2022,SHERRY TRANSFER,WR,2,343,80-21,,CALIPER GROWTH (MM),None,None,2.0
2022,SHERRY TRANSFER,WR,2,358,80-21,,CALIPER GROWTH (MM),None,None,2.4
2022,SHERRY TRANSFER,WR,2,362,80-21,,CALIPER GROWTH (MM),None,None,3.6
2022,SHERRY TRANSFER,WR,2,363,80-21,,CALIPER GROWTH (MM),None,None,1.8
2022,SHERRY TRANSFER,WR,2,378,80-21,,CALIPER GROWTH (MM),None,None,3.0
2022,SHERRY TRANSFER,WR,2,379,80-21,,CALIPER GROWTH (MM),None,None,1.5
2022,SHERRY TRANSFER,WR,2,382,80-21,,CALIPER GROWTH (MM),None,None,1.6
2022,SHERRY TRANSFER,WR,2,383,80-21,,CALIPER GROWTH (MM),None,None,1.2
2022,SHERRY TRANSFER,WR,2,398,80-21,,CALIPER GROWTH (MM),None,None,1.2
2022,SHERRY TRANSFER,WR,2,399,80-21,,CALIPER GROWTH (MM),None,None,1.3
2022,SHERRY TRANSFER,WR,2,305,97-22,,CALIPER GROWTH (MM),None,None,2.9
2022,SHERRY TRANSFER,WR,2,316,97-22,,CALIPER GROWTH (MM),None,None,1.5
2022,SHERRY TRANSFER,WR,2,325,97-22,,CALIPER GROWTH (MM),None,None,0.6
2022,SHERRY TRANSFER,WR,2,336,97-22,,CALIPER GROWTH (MM),None,None,2.6
2022,SHERRY TRANSFER,WR,2,337,97-22,,CALIPER GROWTH (MM),None,None,1.1
2022,SHERRY TRANSFER,WR,2,344,97-22,,CALIPER GROWTH (MM),None,None,3.7
2022,SHERRY TRANSFER,WR,2,345,97-22,,CALIPER GROWTH (MM),None,None,2.3
2022,SHERRY TRANSFER,WR,2,356,97-22,,CALIPER GROWTH (MM),None,None,1.6
2022,SHERRY TRANSFER,WR,2,357,97-22,,CALIPER GROWTH (MM),None,None,3.0
2022,SHERRY TRANSFER,WR,2,364,97-22,,CALIPER GROWTH (MM),None,None,0.5
2022,SHERRY TRANSFER,WR,2,365,97-22,,CALIPER GROWTH (MM),None,None,2.1
2022,SHERRY TRANSFER,WR,2,376,97-22,,CALIPER GROWTH (MM),None,None,0.9
2022,SHERRY TRANSFER,WR,2,377,97-22,,CALIPER GROWTH (MM),None,None,2.3
2022,SHERRY TRANSFER,WR,2,384,97-22,,CALIPER GROWTH (MM),None,None,1.7
2022,SHERRY TRANSFER,WR,2,385,97-22,,CALIPER GROWTH (MM),None,None,3.7
2022,SHERRY TRANSFER,WR,2,396,97-22,,CALIPER GROWTH (MM),None,None,1.8
2022,SHERRY TRANSFER,WR,2,397,97-22,,CALIPER GROWTH (MM),None,None,0.9
2022,SHERRY TRANSFER,WR,2,310,GOOD HOPE,,CALIPER GROWTH (MM),None,None,4.1
2022,SHERRY TRANSFER,WR,2,311,GOOD HOPE,,CALIPER GROWTH (MM),None,None,1.0
2022,SHERRY TRANSFER,WR,2,330,GOOD HOPE,,CALIPER GROWTH (MM),None,None,1.0
2022,SHERRY TRANSFER,WR,2,331,GOOD HOPE,,CALIPER GROWTH (MM),None,None,1.1
2022,SHERRY TRANSFER,WR,2,349,GOOD HOPE,,CALIPER GROWTH (MM),None,None,0.8
2022,SHERRY TRANSFER,WR,2,350,GOOD HOPE,,CALIPER GROWTH (MM),None,None,2.3
2022,SHERRY TRANSFER,WR,2,351,GOOD HOPE,,CALIPER GROWTH (MM),None,None,2.4
2022,SHERRY TRANSFER,WR,2,352,GOOD HOPE,,CALIPER GROWTH (MM),None,None,2.2
2022,SHERRY TRANSFER,WR,2,369,GOOD HOPE,,CALIPER GROWTH (MM),None,None,2.1
2022,SHERRY TRANSFER,WR,2,370,GOOD HOPE,,CALIPER GROWTH (MM),None,None,1.4
2022,SHERRY TRANSFER,WR,2,371,GOOD HOPE,,CALIPER GROWTH (MM),Dead,None,
2022,SHERRY TRANSFER,WR,2,372,GOOD HOPE,,CALIPER GROWTH (MM),None,None,2.8
2022,SHERRY TRANSFER,WR,2,389,GOOD HOPE,,CALIPER GROWTH (MM),None,None,3.1
2022,SHERRY TRANSFER,WR,2,390,GOOD HOPE,,CALIPER GROWTH (MM),None,None,1.1
2022,SHERRY TRANSFER,WR,2,391,GOOD HOPE,,CALIPER GROWTH (MM),None,None,3.1
2022,SHERRY TRANSFER,WR,2,392,GOOD HOPE,,CALIPER GROWTH (MM),None,None,1.2
2022,SHERRY TRANSFER,WR,3,405,2118-85,,CALIPER GROWTH (MM),None,None,1.9
2022,SHERRY TRANSFER,WR,3,416,2118-85,,CALIPER GROWTH (MM),None,None,1.6
2022,SHERRY TRANSFER,WR,3,424,2118-85,,CALIPER GROWTH (MM),None,None,2.8
2022,SHERRY TRANSFER,WR,3,425,2118-85,,CALIPER GROWTH (MM),None,None,2.5
2022,SHERRY TRANSFER,WR,3,436,2118-85,,CALIPER GROWTH (MM),None,None,2.4
2022,SHERRY TRANSFER,WR,3,437,2118-85,,CALIPER GROWTH (MM),None,None,3.3
2022,SHERRY TRANSFER,WR,3,444,2118-85,,CALIPER GROWTH (MM),None,None,3.2
2022,SHERRY TRANSFER,WR,3,445,2118-85,,CALIPER GROWTH (MM),None,None,2.5
2022,SHERRY TRANSFER,WR,3,456,2118-85,,CALIPER GROWTH (MM),None,None,3.3
2022,SHERRY TRANSFER,WR,3,457,2118-85,,CALIPER GROWTH (MM),None,None,2.4
2022,SHERRY TRANSFER,WR,3,464,2118-85,,CALIPER GROWTH (MM),None,None,1.9
2022,SHERRY TRANSFER,WR,3,465,2118-85,,CALIPER GROWTH (MM),None,None,1.2
2022,SHERRY TRANSFER,WR,3,476,2118-85,,CALIPER GROWTH (MM),None,None,2.6
2022,SHERRY TRANSFER,WR,3,477,2118-85,,CALIPER GROWTH (MM),None,None,2.1
2022,SHERRY TRANSFER,WR,3,484,2118-85,,CALIPER GROWTH (MM),None,None,1.7
2022,SHERRY TRANSFER,WR,3,485,2118-85,,CALIPER GROWTH (MM),None,None,2.5
2022,SHERRY TRANSFER,WR,3,497,2118-85,,CALIPER GROWTH (MM),None,None,1.7
2022,SHERRY TRANSFER,WR,3,401,25-78,,CALIPER GROWTH (MM),None,None,1.0
2022,SHERRY TRANSFER,WR,3,402,25-78,,CALIPER GROWTH (MM),None,None,1.0
2022,SHERRY TRANSFER,WR,3,419,25-78,,CALIPER GROWTH (MM),None,None,1.4
2022,SHERRY TRANSFER,WR,3,420,25-78,,CALIPER GROWTH (MM),None,None,1.2
2022,SHERRY TRANSFER,WR,3,421,25-78,,CALIPER GROWTH (MM),None,None,2.0
2022,SHERRY TRANSFER,WR,3,422,25-78,,CALIPER GROWTH (MM),None,None,1.5
2022,SHERRY TRANSFER,WR,3,439,25-78,,CALIPER GROWTH (MM),None,None,2.1
2022,SHERRY TRANSFER,WR,3,440,25-78,,CALIPER GROWTH (MM),None,None,2.4
2022,SHERRY TRANSFER,WR,3,441,25-78,,CALIPER GROWTH (MM),None,None,1.1
2022,SHERRY TRANSFER,WR,3,442,25-78,,CALIPER GROWTH (MM),None,None,2.0
2022,SHERRY TRANSFER,WR,3,459,25-78,,CALIPER GROWTH (MM),None,None,1.0
2022,SHERRY TRANSFER,WR,3,460,25-78,,CALIPER GROWTH (MM),None,None,3.7
2022,SHERRY TRANSFER,WR,3,461,25-78,,CALIPER GROWTH (MM),None,None,1.5
2022,SHERRY TRANSFER,WR,3,480,25-78,,CALIPER GROWTH (MM),None,None,2.2
2022,SHERRY TRANSFER,WR,3,481,25-78,,CALIPER GROWTH (MM),None,None,1.7
2022,SHERRY TRANSFER,WR,3,500,25-78,,CALIPER GROWTH (MM),None,None,0.7
2022,SHERRY TRANSFER,WR,3,410,80-01,,CALIPER GROWTH (MM),None,None,2.2
2022,SHERRY TRANSFER,WR,3,411,80-01,,CALIPER GROWTH (MM),None,None,2.7
2022,SHERRY TRANSFER,WR,3,430,80-01,,CALIPER GROWTH (MM),None,None,1.7
2022,SHERRY TRANSFER,WR,3,431,80-01,,CALIPER GROWTH (MM),None,None,2.1
2022,SHERRY TRANSFER,WR,3,432,80-01,,CALIPER GROWTH (MM),None,None,2.4
2022,SHERRY TRANSFER,WR,3,449,80-01,,CALIPER GROWTH (MM),None,None,3.0
2022,SHERRY TRANSFER,WR,3,450,80-01,,CALIPER GROWTH (MM),None,None,4.5
2022,SHERRY TRANSFER,WR,3,451,80-01,,CALIPER GROWTH (MM),None,None,2.7
2022,SHERRY TRANSFER,WR,3,452,80-01,,CALIPER GROWTH (MM),None,None,1.0
2022,SHERRY TRANSFER,WR,3,469,80-01,,CALIPER GROWTH (MM),None,None,2.2
2022,SHERRY TRANSFER,WR,3,470,80-01,,CALIPER GROWTH (MM),None,None,2.4
2022,SHERRY TRANSFER,WR,3,471,80-01,,CALIPER GROWTH (MM),None,None,1.0
2022,SHERRY TRANSFER,WR,3,472,80-01,,CALIPER GROWTH (MM),None,None,1.5
2022,SHERRY TRANSFER,WR,3,489,80-01,,CALIPER GROWTH (MM),None,None,2.3
2022,SHERRY TRANSFER,WR,3,490,80-01,,CALIPER GROWTH (MM),None,None,3.7
2022,SHERRY TRANSFER,WR,3,491,80-01,,CALIPER GROWTH (MM),None,None,2.2
2022,SHERRY TRANSFER,WR,3,492,80-01,,CALIPER GROWTH (MM),None,None,1.6
2022,SHERRY TRANSFER,WR,3,406,80-21,,CALIPER GROWTH (MM),None,None,1.7
2022,SHERRY TRANSFER,WR,3,407,80-21,,CALIPER GROWTH (MM),None,None,2.1
2022,SHERRY TRANSFER,WR,3,414,80-21,,CALIPER GROWTH (MM),None,None,2.3
2022,SHERRY TRANSFER,WR,3,415,80-21,,CALIPER GROWTH (MM),None,None,2.4
2022,SHERRY TRANSFER,WR,3,426,80-21,,CALIPER GROWTH (MM),None,None,2.9
2022,SHERRY TRANSFER,WR,3,427,80-21,,CALIPER GROWTH (MM),None,None,2.1
2022,SHERRY TRANSFER,WR,3,434,80-21,,CALIPER GROWTH (MM),None,None,1.3
2022,SHERRY TRANSFER,WR,3,435,80-21,,CALIPER GROWTH (MM),None,None,2.5
2022,SHERRY TRANSFER,WR,3,446,80-21,,CALIPER GROWTH (MM),None,None,2.0
2022,SHERRY TRANSFER,WR,3,447,80-21,,CALIPER GROWTH (MM),None,None,2.5
2022,SHERRY TRANSFER,WR,3,454,80-21,,CALIPER GROWTH (MM),None,None,1.4
2022,SHERRY TRANSFER,WR,3,455,80-21,,CALIPER GROWTH (MM),None,None,2.5
2022,SHERRY TRANSFER,WR,3,466,80-21,,CALIPER GROWTH (MM),None,None,2.2
2022,SHERRY TRANSFER,WR,3,475,80-21,,CALIPER GROWTH (MM),None,None,2.3
2022,SHERRY TRANSFER,WR,3,486,80-21,,CALIPER GROWTH (MM),None,None,0.7
2022,SHERRY TRANSFER,WR,3,495,80-21,,CALIPER GROWTH (MM),None,None,1.7
2022,SHERRY TRANSFER,WR,3,496,80-21,,CALIPER GROWTH (MM),None,None,3.7
2022,SHERRY TRANSFER,WR,3,403,97-22,,CALIPER GROWTH (MM),None,None,1.8
2022,SHERRY TRANSFER,WR,3,404,97-22,,CALIPER GROWTH (MM),None,None,2.4
2022,SHERRY TRANSFER,WR,3,417,97-22,,CALIPER GROWTH (MM),None,None,3.3
2022,SHERRY TRANSFER,WR,3,418,97-22,,CALIPER GROWTH (MM),None,None,1.8
2022,SHERRY TRANSFER,WR,3,423,97-22,,CALIPER GROWTH (MM),None,None,1.9
2022,SHERRY TRANSFER,WR,3,438,97-22,,CALIPER GROWTH (MM),None,None,1.3
2022,SHERRY TRANSFER,WR,3,443,97-22,,CALIPER GROWTH (MM),None,None,3.0
2022,SHERRY TRANSFER,WR,3,458,97-22,,CALIPER GROWTH (MM),None,None,3.4
2022,SHERRY TRANSFER,WR,3,462,97-22,,CALIPER GROWTH (MM),None,None,1.6
2022,SHERRY TRANSFER,WR,3,463,97-22,,CALIPER GROWTH (MM),None,None,1.7
2022,SHERRY TRANSFER,WR,3,478,97-22,,CALIPER GROWTH (MM),None,None,2.0
2022,SHERRY TRANSFER,WR,3,479,97-22,,CALIPER GROWTH (MM),None,None,3.4
2022,SHERRY TRANSFER,WR,3,482,97-22,,CALIPER GROWTH (MM),None,None,1.6
2022,SHERRY TRANSFER,WR,3,483,97-22,,CALIPER GROWTH (MM),None,None,2.0
2022,SHERRY TRANSFER,WR,3,498,97-22,,CALIPER GROWTH (MM),None,None,2.7
2022,SHERRY TRANSFER,WR,3,499,97-22,,CALIPER GROWTH (MM),None,None,1.4
2022,SHERRY TRANSFER,WR,3,408,GOOD HOPE,,CALIPER GROWTH (MM),None,None,2.4
2022,SHERRY TRANSFER,WR,3,409,GOOD HOPE,,CALIPER GROWTH (MM),None,None,1.7
2022,SHERRY TRANSFER,WR,3,412,GOOD HOPE,,CALIPER GROWTH (MM),None,None,1.4
2022,SHERRY TRANSFER,WR,3,413,GOOD HOPE,,CALIPER GROWTH (MM),None,None,2.2
2022,SHERRY TRANSFER,WR,3,428,GOOD HOPE,,CALIPER GROWTH (MM),None,None,2.2
2022,SHERRY TRANSFER,WR,3,429,GOOD HOPE,,CALIPER GROWTH (MM),None,None,0.6
2022,SHERRY TRANSFER,WR,3,433,GOOD HOPE,,CALIPER GROWTH (MM),None,None,2.5
2022,SHERRY TRANSFER,WR,3,448,GOOD HOPE,,CALIPER GROWTH (MM),None,None,1.8
2022,SHERRY TRANSFER,WR,3,453,GOOD HOPE,,CALIPER GROWTH (MM),None,None,1.4
2022,SHERRY TRANSFER,WR,3,467,GOOD HOPE,,CALIPER GROWTH (MM),None,None,1.9
2022,SHERRY TRANSFER,WR,3,468,GOOD HOPE,,CALIPER GROWTH (MM),None,None,1.7
2022,SHERRY TRANSFER,WR,3,473,GOOD HOPE,,CALIPER GROWTH (MM),None,None,0.9
2022,SHERRY TRANSFER,WR,3,474,GOOD HOPE,,CALIPER GROWTH (MM),None,None,1.3
2022,SHERRY TRANSFER,WR,3,487,GOOD HOPE,,CALIPER GROWTH (MM),None,None,2.1
2022,SHERRY TRANSFER,WR,3,488,GOOD HOPE,,CALIPER GROWTH (MM),None,None,2.5
2022,SHERRY TRANSFER,WR,3,493,GOOD HOPE,,CALIPER GROWTH (MM),None,None,1.4
2022,SHERRY TRANSFER,WR,3,494,GOOD HOPE,,CALIPER GROWTH (MM),None,None,1.7
2022,SHERRY TRANSFER,IMP,4,301,1032,,CALIPER GROWTH (MM),None,None,2.5
2022,SHERRY TRANSFER,IMP,4,302,1032,,CALIPER GROWTH (MM),None,None,2.8
2022,SHERRY TRANSFER,IMP,4,319,1032,,CALIPER GROWTH (MM),None,None,0.7
2022,SHERRY TRANSFER,IMP,4,320,1032,,CALIPER GROWTH (MM),None,None,3.0
2022,SHERRY TRANSFER,IMP,4,321,1032,,CALIPER GROWTH (MM),None,None,3.2
2022,SHERRY TRANSFER,IMP,4,322,1032,,CALIPER GROWTH (MM),None,None,2.2
2022,SHERRY TRANSFER,IMP,4,339,1032,,CALIPER GROWTH (MM),None,None,3.0
2022,SHERRY TRANSFER,IMP,4,340,1032,,CALIPER GROWTH (MM),None,None,1.9
2022,SHERRY TRANSFER,IMP,4,341,1032,,CALIPER GROWTH (MM),None,None,1.2
2022,SHERRY TRANSFER,IMP,4,342,1032,,CALIPER GROWTH (MM),None,None,1.7
2022,SHERRY TRANSFER,IMP,4,359,1032,,CALIPER GROWTH (MM),None,None,1.7
2022,SHERRY TRANSFER,IMP,4,360,1032,,CALIPER GROWTH (MM),None,None,4.4
2022,SHERRY TRANSFER,IMP,4,361,1032,,CALIPER GROWTH (MM),None,None,2.7
2022,SHERRY TRANSFER,IMP,4,380,1032,,CALIPER GROWTH (MM),None,None,1.1
2022,SHERRY TRANSFER,IMP,4,381,1032,,CALIPER GROWTH (MM),None,None,2.4
2022,SHERRY TRANSFER,IMP,4,400,1032,,CALIPER GROWTH (MM),None,None,3.1
2022,SHERRY TRANSFER,IMP,4,303,1119,,CALIPER GROWTH (MM),None,None,1.5
2022,SHERRY TRANSFER,IMP,4,304,1119,,CALIPER GROWTH (MM),None,None,3.1
2022,SHERRY TRANSFER,IMP,4,317,1119,,CALIPER GROWTH (MM),None,None,2.0
2022,SHERRY TRANSFER,IMP,4,318,1119,,CALIPER GROWTH (MM),None,None,1.3
2022,SHERRY TRANSFER,IMP,4,323,1119,,CALIPER GROWTH (MM),None,None,2.5
2022,SHERRY TRANSFER,IMP,4,338,1119,,CALIPER GROWTH (MM),None,None,3.2
2022,SHERRY TRANSFER,IMP,4,343,1119,,CALIPER GROWTH (MM),None,None,2.8
2022,SHERRY TRANSFER,IMP,4,358,1119,,CALIPER GROWTH (MM),None,None,3.3
2022,SHERRY TRANSFER,IMP,4,362,1119,,CALIPER GROWTH (MM),None,None,3.3
2022,SHERRY TRANSFER,IMP,4,363,1119,,CALIPER GROWTH (MM),None,None,3.6
2022,SHERRY TRANSFER,IMP,4,378,1119,,CALIPER GROWTH (MM),None,None,0.8
2022,SHERRY TRANSFER,IMP,4,379,1119,,CALIPER GROWTH (MM),None,None,2.4
2022,SHERRY TRANSFER,IMP,4,382,1119,,CALIPER GROWTH (MM),None,None,1.1
2022,SHERRY TRANSFER,IMP,4,383,1119,,CALIPER GROWTH (MM),None,None,1.1
2022,SHERRY TRANSFER,IMP,4,398,1119,,CALIPER GROWTH (MM),None,None,1.5
2022,SHERRY TRANSFER,IMP,4,399,1119,,CALIPER GROWTH (MM),None,None,1.5
2022,SHERRY TRANSFER,IMP,4,306,1241,,CALIPER GROWTH (MM),None,None,4.2
2022,SHERRY TRANSFER,IMP,4,307,1241,,CALIPER GROWTH (MM),None,None,2.4
2022,SHERRY TRANSFER,IMP,4,314,1241,,CALIPER GROWTH (MM),None,None,3.4
2022,SHERRY TRANSFER,IMP,4,315,1241,,CALIPER GROWTH (MM),None,None,2.9
2022,SHERRY TRANSFER,IMP,4,326,1241,,CALIPER GROWTH (MM),None,None,2.7
2022,SHERRY TRANSFER,IMP,4,327,1241,,CALIPER GROWTH (MM),None,None,2.0
2022,SHERRY TRANSFER,IMP,4,334,1241,,CALIPER GROWTH (MM),None,None,3.5
2022,SHERRY TRANSFER,IMP,4,335,1241,,CALIPER GROWTH (MM),None,None,1.6
2022,SHERRY TRANSFER,IMP,4,346,1241,,CALIPER GROWTH (MM),None,None,2.5
2022,SHERRY TRANSFER,IMP,4,347,1241,,CALIPER GROWTH (MM),None,None,2.8
2022,SHERRY TRANSFER,IMP,4,354,1241,,CALIPER GROWTH (MM),None,None,2.8
2022,SHERRY TRANSFER,IMP,4,355,1241,,CALIPER GROWTH (MM),None,None,2.1
2022,SHERRY TRANSFER,IMP,4,366,1241,,CALIPER GROWTH (MM),None,None,2.5
2022,SHERRY TRANSFER,IMP,4,375,1241,,CALIPER GROWTH (MM),None,None,0.5
2022,SHERRY TRANSFER,IMP,4,386,1241,,CALIPER GROWTH (MM),None,None,0.0
2022,SHERRY TRANSFER,IMP,4,395,1241,,CALIPER GROWTH (MM),None,None,1.7
2022,SHERRY TRANSFER,IMP,4,396,1241,,CALIPER GROWTH (MM),None,None,1.2
2022,SHERRY TRANSFER,IMP,4,305,4113,,CALIPER GROWTH (MM),None,None,1.6
2022,SHERRY TRANSFER,IMP,4,316,4113,,CALIPER GROWTH (MM),None,None,3.5
2022,SHERRY TRANSFER,IMP,4,324,4113,,CALIPER GROWTH (MM),None,None,4.4
2022,SHERRY TRANSFER,IMP,4,325,4113,,CALIPER GROWTH (MM),None,None,1.6
2022,SHERRY TRANSFER,IMP,4,336,4113,,CALIPER GROWTH (MM),None,None,3.0
2022,SHERRY TRANSFER,IMP,4,337,4113,,CALIPER GROWTH (MM),None,None,2.6
2022,SHERRY TRANSFER,IMP,4,344,4113,,CALIPER GROWTH (MM),None,None,2.8
2022,SHERRY TRANSFER,IMP,4,345,4113,,CALIPER GROWTH (MM),None,None,1.4
2022,SHERRY TRANSFER,IMP,4,356,4113,,CALIPER GROWTH (MM),None,None,1.6
2022,SHERRY TRANSFER,IMP,4,357,4113,,CALIPER GROWTH (MM),None,None,2.5
2022,SHERRY TRANSFER,IMP,4,364,4113,,CALIPER GROWTH (MM),None,None,1.6
2022,SHERRY TRANSFER,IMP,4,365,4113,,CALIPER GROWTH (MM),None,None,0.8
2022,SHERRY TRANSFER,IMP,4,376,4113,,CALIPER GROWTH (MM),None,None,3.1
2022,SHERRY TRANSFER,IMP,4,377,4113,,CALIPER GROWTH (MM),None,None,2.0
2022,SHERRY TRANSFER,IMP,4,384,4113,,CALIPER GROWTH (MM),None,None,2.6
2022,SHERRY TRANSFER,IMP,4,385,4113,,CALIPER GROWTH (MM),None,None,2.5
2022,SHERRY TRANSFER,IMP,4,397,4113,,CALIPER GROWTH (MM),None,None,1.6
2022,SHERRY TRANSFER,IMP,4,308,4114,,CALIPER GROWTH (MM),None,None,2.9
2022,SHERRY TRANSFER,IMP,4,309,4114,,CALIPER GROWTH (MM),None,None,1.7
2022,SHERRY TRANSFER,IMP,4,312,4114,,CALIPER GROWTH (MM),None,None,2.0
2022,SHERRY TRANSFER,IMP,4,313,4114,,CALIPER GROWTH (MM),None,None,1.5
2022,SHERRY TRANSFER,IMP,4,328,4114,,CALIPER GROWTH (MM),None,None,2.0
2022,SHERRY TRANSFER,IMP,4,329,4114,,CALIPER GROWTH (MM),None,None,1.9
2022,SHERRY TRANSFER,IMP,4,333,4114,,CALIPER GROWTH (MM),None,None,3.1
2022,SHERRY TRANSFER,IMP,4,348,4114,,CALIPER GROWTH (MM),None,None,1.7
2022,SHERRY TRANSFER,IMP,4,353,4114,,CALIPER GROWTH (MM),None,None,1.9
2022,SHERRY TRANSFER,IMP,4,367,4114,,CALIPER GROWTH (MM),None,None,2.6
2022,SHERRY TRANSFER,IMP,4,368,4114,,CALIPER GROWTH (MM),None,None,3.8
2022,SHERRY TRANSFER,IMP,4,373,4114,,CALIPER GROWTH (MM),None,None,1.5
2022,SHERRY TRANSFER,IMP,4,374,4114,,CALIPER GROWTH (MM),None,None,1.8
2022,SHERRY TRANSFER,IMP,4,387,4114,,CALIPER GROWTH (MM),None,None,2.7
2022,SHERRY TRANSFER,IMP,4,388,4114,,CALIPER GROWTH (MM),None,None,0.9
2022,SHERRY TRANSFER,IMP,4,393,4114,,CALIPER GROWTH (MM),None,None,1.5
2022,SHERRY TRANSFER,IMP,4,394,4114,,CALIPER GROWTH (MM),None,None,2.3
2022,SHERRY TRANSFER,IMP,4,310,4215,,CALIPER GROWTH (MM),None,None,2.0
2022,SHERRY TRANSFER,IMP,4,311,4215,,CALIPER GROWTH (MM),None,None,0.0
2022,SHERRY TRANSFER,IMP,4,330,4215,,CALIPER GROWTH (MM),None,None,2.4
2022,SHERRY TRANSFER,IMP,4,331,4215,,CALIPER GROWTH (MM),None,None,1.8
2022,SHERRY TRANSFER,IMP,4,332,4215,,CALIPER GROWTH (MM),None,None,3.4
2022,SHERRY TRANSFER,IMP,4,349,4215,,CALIPER GROWTH (MM),None,None,1.4
2022,SHERRY TRANSFER,IMP,4,350,4215,,CALIPER GROWTH (MM),None,None,1.0
2022,SHERRY TRANSFER,IMP,4,351,4215,,CALIPER GROWTH (MM),None,None,2.8
2022,SHERRY TRANSFER,IMP,4,352,4215,,CALIPER GROWTH (MM),None,None,1.8
2022,SHERRY TRANSFER,IMP,4,369,4215,,CALIPER GROWTH (MM),None,None,1.6
2022,SHERRY TRANSFER,IMP,4,370,4215,,CALIPER GROWTH (MM),None,None,2.6
2022,SHERRY TRANSFER,IMP,4,371,4215,,CALIPER GROWTH (MM),None,None,2.9
2022,SHERRY TRANSFER,IMP,4,372,4215,,CALIPER GROWTH (MM),None,None,2.3
2022,SHERRY TRANSFER,IMP,4,389,4215,,CALIPER GROWTH (MM),None,None,1.5
2022,SHERRY TRANSFER,IMP,4,390,4215,,CALIPER GROWTH (MM),None,None,1.2
2022,SHERRY TRANSFER,IMP,4,391,4215,,CALIPER GROWTH (MM),None,None,2.6
2022,SHERRY TRANSFER,IMP,4,392,4215,,CALIPER GROWTH (MM),None,None,2.9
2022,SHERRY TRANSFER,IMP,5,806,1032,,CALIPER GROWTH (MM),None,None,0.6
2022,SHERRY TRANSFER,IMP,5,807,1032,,CALIPER GROWTH (MM),None,None,2.2
2022,SHERRY TRANSFER,IMP,5,814,1032,,CALIPER GROWTH (MM),None,None,3.2
2022,SHERRY TRANSFER,IMP,5,815,1032,,CALIPER GROWTH (MM),None,None,2.8
2022,SHERRY TRANSFER,IMP,5,826,1032,,CALIPER GROWTH (MM),None,None,2.7
2022,SHERRY TRANSFER,IMP,5,827,1032,,CALIPER GROWTH (MM),None,None,2.7
2022,SHERRY TRANSFER,IMP,5,834,1032,,CALIPER GROWTH (MM),None,None,2.8
2022,SHERRY TRANSFER,IMP,5,835,1032,,CALIPER GROWTH (MM),None,None,3.1
2022,SHERRY TRANSFER,IMP,5,846,1032,,CALIPER GROWTH (MM),None,None,1.0
2022,SHERRY TRANSFER,IMP,5,847,1032,,CALIPER GROWTH (MM),None,None,3.5
2022,SHERRY TRANSFER,IMP,5,854,1032,,CALIPER GROWTH (MM),None,None,1.3
2022,SHERRY TRANSFER,IMP,5,855,1032,,CALIPER GROWTH (MM),None,None,1.2
2022,SHERRY TRANSFER,IMP,5,866,1032,,CALIPER GROWTH (MM),None,None,2.7
2022,SHERRY TRANSFER,IMP,5,867,1032,,CALIPER GROWTH (MM),None,None,2.1
2022,SHERRY TRANSFER,IMP,5,875,1032,,CALIPER GROWTH (MM),None,None,2.1
2022,SHERRY TRANSFER,IMP,5,886,1032,,CALIPER GROWTH (MM),None,None,1.9
2022,SHERRY TRANSFER,IMP,5,895,1032,,CALIPER GROWTH (MM),None,None,2.2
2022,SHERRY TRANSFER,IMP,5,805,1119,,CALIPER GROWTH (MM),None,None,1.0
2022,SHERRY TRANSFER,IMP,5,816,1119,,CALIPER GROWTH (MM),None,None,2.2
2022,SHERRY TRANSFER,IMP,5,825,1119,,CALIPER GROWTH (MM),None,None,3.4
2022,SHERRY TRANSFER,IMP,5,836,1119,,CALIPER GROWTH (MM),None,None,2.0
2022,SHERRY TRANSFER,IMP,5,837,1119,,CALIPER GROWTH (MM),None,None,3.7
2022,SHERRY TRANSFER,IMP,5,844,1119,,CALIPER GROWTH (MM),None,None,1.9
2022,SHERRY TRANSFER,IMP,5,845,1119,,CALIPER GROWTH (MM),None,None,1.4
2022,SHERRY TRANSFER,IMP,5,856,1119,,CALIPER GROWTH (MM),None,None,2.7
2022,SHERRY TRANSFER,IMP,5,857,1119,,CALIPER GROWTH (MM),None,None,1.3
2022,SHERRY TRANSFER,IMP,5,864,1119,,CALIPER GROWTH (MM),None,None,2.1
2022,SHERRY TRANSFER,IMP,5,865,1119,,CALIPER GROWTH (MM),None,None,3.6
2022,SHERRY TRANSFER,IMP,5,876,1119,,CALIPER GROWTH (MM),None,None,4.2
2022,SHERRY TRANSFER,IMP,5,877,1119,,CALIPER GROWTH (MM),None,None,3.0
2022,SHERRY TRANSFER,IMP,5,884,1119,,CALIPER GROWTH (MM),None,None,2.1
2022,SHERRY TRANSFER,IMP,5,885,1119,,CALIPER GROWTH (MM),None,None,3.4
2022,SHERRY TRANSFER,IMP,5,896,1119,,CALIPER GROWTH (MM),None,None,2.6
2022,SHERRY TRANSFER,IMP,5,897,1119,,CALIPER GROWTH (MM),None,None,4.0
2022,SHERRY TRANSFER,IMP,5,803,1241,,CALIPER GROWTH (MM),None,None,3.4
2022,SHERRY TRANSFER,IMP,5,804,1241,,CALIPER GROWTH (MM),None,None,2.2
2022,SHERRY TRANSFER,IMP,5,817,1241,,CALIPER GROWTH (MM),None,None,1.4
2022,SHERRY TRANSFER,IMP,5,818,1241,,CALIPER GROWTH (MM),None,None,1.8
2022,SHERRY TRANSFER,IMP,5,823,1241,,CALIPER GROWTH (MM),None,None,1.9
2022,SHERRY TRANSFER,IMP,5,824,1241,,CALIPER GROWTH (MM),None,None,2.3
2022,SHERRY TRANSFER,IMP,5,838,1241,,CALIPER GROWTH (MM),None,None,2.4
2022,SHERRY TRANSFER,IMP,5,843,1241,,CALIPER GROWTH (MM),None,None,2.8
2022,SHERRY TRANSFER,IMP,5,858,1241,,CALIPER GROWTH (MM),None,None,1.2
2022,SHERRY TRANSFER,IMP,5,862,1241,,CALIPER GROWTH (MM),None,None,1.8
2022,SHERRY TRANSFER,IMP,5,863,1241,,CALIPER GROWTH (MM),None,None,1.7
2022,SHERRY TRANSFER,IMP,5,878,1241,,CALIPER GROWTH (MM),None,None,2.2
2022,SHERRY TRANSFER,IMP,5,879,1241,,CALIPER GROWTH (MM),None,None,2.4
2022,SHERRY TRANSFER,IMP,5,882,1241,,CALIPER GROWTH (MM),None,None,3.8
2022,SHERRY TRANSFER,IMP,5,883,1241,,CALIPER GROWTH (MM),None,None,4.3
2022,SHERRY TRANSFER,IMP,5,898,1241,,CALIPER GROWTH (MM),None,None,2.1
2022,SHERRY TRANSFER,IMP,5,899,1241,,CALIPER GROWTH (MM),None,None,2.6
2022,SHERRY TRANSFER,IMP,5,808,4113,,CALIPER GROWTH (MM),None,None,2.5
2022,SHERRY TRANSFER,IMP,5,809,4113,,CALIPER GROWTH (MM),None,None,3.2
2022,SHERRY TRANSFER,IMP,5,812,4113,,CALIPER GROWTH (MM),None,None,1.5
2022,SHERRY TRANSFER,IMP,5,813,4113,,CALIPER GROWTH (MM),None,None,2.6
2022,SHERRY TRANSFER,IMP,5,828,4113,,CALIPER GROWTH (MM),None,None,1.8
2022,SHERRY TRANSFER,IMP,5,829,4113,,CALIPER GROWTH (MM),None,None,3.7
2022,SHERRY TRANSFER,IMP,5,832,4113,,CALIPER GROWTH (MM),None,None,3.8
2022,SHERRY TRANSFER,IMP,5,833,4113,,CALIPER GROWTH (MM),None,None,2.0
2022,SHERRY TRANSFER,IMP,5,848,4113,,CALIPER GROWTH (MM),None,None,2.0
2022,SHERRY TRANSFER,IMP,5,853,4113,,CALIPER GROWTH (MM),None,None,2.6
2022,SHERRY TRANSFER,IMP,5,868,4113,,CALIPER GROWTH (MM),None,None,2.1
2022,SHERRY TRANSFER,IMP,5,873,4113,,CALIPER GROWTH (MM),None,None,3.6
2022,SHERRY TRANSFER,IMP,5,874,4113,,CALIPER GROWTH (MM),None,None,2.5
2022,SHERRY TRANSFER,IMP,5,887,4113,,CALIPER GROWTH (MM),None,None,2.3
2022,SHERRY TRANSFER,IMP,5,888,4113,,CALIPER GROWTH (MM),None,None,2.3
2022,SHERRY TRANSFER,IMP,5,893,4113,,CALIPER GROWTH (MM),None,None,2.5
2022,SHERRY TRANSFER,IMP,5,894,4113,,CALIPER GROWTH (MM),None,None,3.3
2022,SHERRY TRANSFER,IMP,5,810,4114,,CALIPER GROWTH (MM),None,None,1.5
2022,SHERRY TRANSFER,IMP,5,811,4114,,CALIPER GROWTH (MM),None,None,1.7
2022,SHERRY TRANSFER,IMP,5,830,4114,,CALIPER GROWTH (MM),None,None,2.9
2022,SHERRY TRANSFER,IMP,5,831,4114,,CALIPER GROWTH (MM),None,None,2.2
2022,SHERRY TRANSFER,IMP,5,849,4114,,CALIPER GROWTH (MM),None,None,1.7
2022,SHERRY TRANSFER,IMP,5,850,4114,,CALIPER GROWTH (MM),None,None,1.8
2022,SHERRY TRANSFER,IMP,5,851,4114,,CALIPER GROWTH (MM),None,None,2.4
2022,SHERRY TRANSFER,IMP,5,852,4114,,CALIPER GROWTH (MM),None,None,2.3
2022,SHERRY TRANSFER,IMP,5,869,4114,,CALIPER GROWTH (MM),None,None,1.4
2022,SHERRY TRANSFER,IMP,5,870,4114,,CALIPER GROWTH (MM),None,None,2.0
2022,SHERRY TRANSFER,IMP,5,871,4114,,CALIPER GROWTH (MM),None,None,2.7
2022,SHERRY TRANSFER,IMP,5,872,4114,,CALIPER GROWTH (MM),None,None,1.9
2022,SHERRY TRANSFER,IMP,5,889,4114,,CALIPER GROWTH (MM),None,None,1.7
2022,SHERRY TRANSFER,IMP,5,890,4114,,CALIPER GROWTH (MM),None,None,1.8
2022,SHERRY TRANSFER,IMP,5,891,4114,,CALIPER GROWTH (MM),None,None,1.8
2022,SHERRY TRANSFER,IMP,5,892,4114,,CALIPER GROWTH (MM),None,None,2.0
2022,SHERRY TRANSFER,IMP,5,801,4215,,CALIPER GROWTH (MM),None,None,0.4
2022,SHERRY TRANSFER,IMP,5,802,4215,,CALIPER GROWTH (MM),None,None,1.2
2022,SHERRY TRANSFER,IMP,5,819,4215,,CALIPER GROWTH (MM),None,None,1.5
2022,SHERRY TRANSFER,IMP,5,820,4215,,CALIPER GROWTH (MM),None,None,1.4
2022,SHERRY TRANSFER,IMP,5,821,4215,,CALIPER GROWTH (MM),None,None,2.0
2022,SHERRY TRANSFER,IMP,5,822,4215,,CALIPER GROWTH (MM),None,None,2.0
2022,SHERRY TRANSFER,IMP,5,839,4215,,CALIPER GROWTH (MM),None,None,1.9
2022,SHERRY TRANSFER,IMP,5,840,4215,,CALIPER GROWTH (MM),None,None,1.7
2022,SHERRY TRANSFER,IMP,5,841,4215,,CALIPER GROWTH (MM),None,None,1.2
2022,SHERRY TRANSFER,IMP,5,842,4215,,CALIPER GROWTH (MM),None,None,1.5
2022,SHERRY TRANSFER,IMP,5,859,4215,,CALIPER GROWTH (MM),None,None,1.5
2022,SHERRY TRANSFER,IMP,5,860,4215,,CALIPER GROWTH (MM),None,None,1.5
2022,SHERRY TRANSFER,IMP,5,861,4215,,CALIPER GROWTH (MM),None,None,1.6
2022,SHERRY TRANSFER,IMP,5,880,4215,,CALIPER GROWTH (MM),None,None,0.9
2022,SHERRY TRANSFER,IMP,5,881,4215,,CALIPER GROWTH (MM),None,None,1.4
2022,SHERRY TRANSFER,IMP,5,900,4215,,CALIPER GROWTH (MM),None,None,1.4
2022,SHERRY TRANSFER,IMP,6,910,1032,,CALIPER GROWTH (MM),None,None,1.4
2022,SHERRY TRANSFER,IMP,6,911,1032,,CALIPER GROWTH (MM),None,None,2.8
2022,SHERRY TRANSFER,IMP,6,930,1032,,CALIPER GROWTH (MM),None,None,1.9
2022,SHERRY TRANSFER,IMP,6,931,1032,,CALIPER GROWTH (MM),None,None,4.7
2022,SHERRY TRANSFER,IMP,6,932,1032,,CALIPER GROWTH (MM),None,None,3.3
2022,SHERRY TRANSFER,IMP,6,949,1032,,CALIPER GROWTH (MM),None,None,3.1
2022,SHERRY TRANSFER,IMP,6,950,1032,,CALIPER GROWTH (MM),None,None,3.1
2022,SHERRY TRANSFER,IMP,6,951,1032,,CALIPER GROWTH (MM),None,None,2.6
2022,SHERRY TRANSFER,IMP,6,952,1032,,CALIPER GROWTH (MM),None,None,3.0
2022,SHERRY TRANSFER,IMP,6,969,1032,,CALIPER GROWTH (MM),None,None,3.5
2022,SHERRY TRANSFER,IMP,6,970,1032,,CALIPER GROWTH (MM),None,None,3.4
2022,SHERRY TRANSFER,IMP,6,971,1032,,CALIPER GROWTH (MM),None,None,3.0
2022,SHERRY TRANSFER,IMP,6,972,1032,,CALIPER GROWTH (MM),None,None,2.8
2022,SHERRY TRANSFER,IMP,6,989,1032,,CALIPER GROWTH (MM),None,None,1.7
2022,SHERRY TRANSFER,IMP,6,990,1032,,CALIPER GROWTH (MM),None,None,2.9
2022,SHERRY TRANSFER,IMP,6,991,1032,,CALIPER GROWTH (MM),None,None,2.2
2022,SHERRY TRANSFER,IMP,6,992,1032,,CALIPER GROWTH (MM),None,None,2.5
2022,SHERRY TRANSFER,IMP,6,908,1119,,CALIPER GROWTH (MM),None,None,2.7
2022,SHERRY TRANSFER,IMP,6,909,1119,,CALIPER GROWTH (MM),None,None,1.3
2022,SHERRY TRANSFER,IMP,6,912,1119,,CALIPER GROWTH (MM),None,None,1.1
2022,SHERRY TRANSFER,IMP,6,913,1119,,CALIPER GROWTH (MM),None,None,0.8
2022,SHERRY TRANSFER,IMP,6,928,1119,,CALIPER GROWTH (MM),None,None,2.3
2022,SHERRY TRANSFER,IMP,6,929,1119,,CALIPER GROWTH (MM),None,None,3.2
2022,SHERRY TRANSFER,IMP,6,933,1119,,CALIPER GROWTH (MM),None,None,1.9
2022,SHERRY TRANSFER,IMP,6,948,1119,,CALIPER GROWTH (MM),None,None,2.3
2022,SHERRY TRANSFER,IMP,6,953,1119,,CALIPER GROWTH (MM),None,None,6.5
2022,SHERRY TRANSFER,IMP,6,967,1119,,CALIPER GROWTH (MM),None,None,2.3
2022,SHERRY TRANSFER,IMP,6,968,1119,,CALIPER GROWTH (MM),None,None,3.3
2022,SHERRY TRANSFER,IMP,6,973,1119,,CALIPER GROWTH (MM),None,None,1.2
2022,SHERRY TRANSFER,IMP,6,974,1119,,CALIPER GROWTH (MM),None,None,3.6
2022,SHERRY TRANSFER,IMP,6,987,1119,,CALIPER GROWTH (MM),None,None,1.2
2022,SHERRY TRANSFER,IMP,6,988,1119,,CALIPER GROWTH (MM),None,None,1.7
2022,SHERRY TRANSFER,IMP,6,993,1119,,CALIPER GROWTH (MM),None,None,1.9
2022,SHERRY TRANSFER,IMP,6,994,1119,,CALIPER GROWTH (MM),None,None,3.0
2022,SHERRY TRANSFER,IMP,6,906,1241,,CALIPER GROWTH (MM),None,None,2.0
2022,SHERRY TRANSFER,IMP,6,907,1241,,CALIPER GROWTH (MM),None,None,2.1
2022,SHERRY TRANSFER,IMP,6,914,1241,,CALIPER GROWTH (MM),None,None,3.0
2022,SHERRY TRANSFER,IMP,6,915,1241,,CALIPER GROWTH (MM),None,None,2.4
2022,SHERRY TRANSFER,IMP,6,926,1241,,CALIPER GROWTH (MM),None,None,3.8
2022,SHERRY TRANSFER,IMP,6,927,1241,,CALIPER GROWTH (MM),None,None,3.2
2022,SHERRY TRANSFER,IMP,6,934,1241,,CALIPER GROWTH (MM),None,None,2.6
2022,SHERRY TRANSFER,IMP,6,935,1241,,CALIPER GROWTH (MM),None,None,4.5
2022,SHERRY TRANSFER,IMP,6,946,1241,,CALIPER GROWTH (MM),None,None,4.3
2022,SHERRY TRANSFER,IMP,6,947,1241,,CALIPER GROWTH (MM),None,None,0.6
2022,SHERRY TRANSFER,IMP,6,954,1241,,CALIPER GROWTH (MM),None,None,5.6
2022,SHERRY TRANSFER,IMP,6,955,1241,,CALIPER GROWTH (MM),None,None,0.6
2022,SHERRY TRANSFER,IMP,6,966,1241,,CALIPER GROWTH (MM),None,None,4.3
2022,SHERRY TRANSFER,IMP,6,975,1241,,CALIPER GROWTH (MM),None,None,3.6
2022,SHERRY TRANSFER,IMP,6,986,1241,,CALIPER GROWTH (MM),None,None,1.2
2022,SHERRY TRANSFER,IMP,6,995,1241,,CALIPER GROWTH (MM),None,None,2.0
2022,SHERRY TRANSFER,IMP,6,901,4113,,CALIPER GROWTH (MM),None,None,2.3
2022,SHERRY TRANSFER,IMP,6,902,4113,,CALIPER GROWTH (MM),None,None,3.5
2022,SHERRY TRANSFER,IMP,6,919,4113,,CALIPER GROWTH (MM),None,None,3.0
2022,SHERRY TRANSFER,IMP,6,920,4113,,CALIPER GROWTH (MM),None,None,1.0
2022,SHERRY TRANSFER,IMP,6,921,4113,,CALIPER GROWTH (MM),None,None,1.5
2022,SHERRY TRANSFER,IMP,6,922,4113,,CALIPER GROWTH (MM),None,None,1.2
2022,SHERRY TRANSFER,IMP,6,939,4113,,CALIPER GROWTH (MM),None,None,2.5
2022,SHERRY TRANSFER,IMP,6,940,4113,,CALIPER GROWTH (MM),None,None,1.7
2022,SHERRY TRANSFER,IMP,6,941,4113,,CALIPER GROWTH (MM),None,None,2.0
2022,SHERRY TRANSFER,IMP,6,942,4113,,CALIPER GROWTH (MM),None,None,1.8
2022,SHERRY TRANSFER,IMP,6,959,4113,,CALIPER GROWTH (MM),None,None,2.4
2022,SHERRY TRANSFER,IMP,6,960,4113,,CALIPER GROWTH (MM),None,None,2.1
2022,SHERRY TRANSFER,IMP,6,961,4113,,CALIPER GROWTH (MM),None,None,1.4
2022,SHERRY TRANSFER,IMP,6,980,4113,,CALIPER GROWTH (MM),None,None,1.9
2022,SHERRY TRANSFER,IMP,6,981,4113,,CALIPER GROWTH (MM),None,None,3.0
2022,SHERRY TRANSFER,IMP,6,1000,4113,,CALIPER GROWTH (MM),None,None,2.9
2022,SHERRY TRANSFER,IMP,6,903,4114,,CALIPER GROWTH (MM),None,None,1.9
2022,SHERRY TRANSFER,IMP,6,904,4114,,CALIPER GROWTH (MM),None,None,1.5
2022,SHERRY TRANSFER,IMP,6,917,4114,,CALIPER GROWTH (MM),None,None,2.6
2022,SHERRY TRANSFER,IMP,6,918,4114,,CALIPER GROWTH (MM),None,None,1.9
2022,SHERRY TRANSFER,IMP,6,923,4114,,CALIPER GROWTH (MM),None,None,2.3
2022,SHERRY TRANSFER,IMP,6,924,4114,,CALIPER GROWTH (MM),None,None,1.4
2022,SHERRY TRANSFER,IMP,6,938,4114,,CALIPER GROWTH (MM),None,None,1.6
2022,SHERRY TRANSFER,IMP,6,943,4114,,CALIPER GROWTH (MM),None,None,1.3
2022,SHERRY TRANSFER,IMP,6,958,4114,,CALIPER GROWTH (MM),None,None,2.1
2022,SHERRY TRANSFER,IMP,6,962,4114,,CALIPER GROWTH (MM),None,None,1.1
2022,SHERRY TRANSFER,IMP,6,963,4114,,CALIPER GROWTH (MM),None,None,1.0
2022,SHERRY TRANSFER,IMP,6,978,4114,,CALIPER GROWTH (MM),None,None,2.1
2022,SHERRY TRANSFER,IMP,6,979,4114,,CALIPER GROWTH (MM),None,None,1.1
2022,SHERRY TRANSFER,IMP,6,982,4114,,CALIPER GROWTH (MM),None,None,3.1
2022,SHERRY TRANSFER,IMP,6,983,4114,,CALIPER GROWTH (MM),None,None,2.0
2022,SHERRY TRANSFER,IMP,6,998,4114,,CALIPER GROWTH (MM),None,None,2.1
2022,SHERRY TRANSFER,IMP,6,999,4114,,CALIPER GROWTH (MM),None,None,3.4
2022,SHERRY TRANSFER,IMP,6,905,4215,,CALIPER GROWTH (MM),None,None,2.5
2022,SHERRY TRANSFER,IMP,6,916,4215,,CALIPER GROWTH (MM),None,None,1.6
2022,SHERRY TRANSFER,IMP,6,925,4215,,CALIPER GROWTH (MM),None,None,1.7
2022,SHERRY TRANSFER,IMP,6,936,4215,,CALIPER GROWTH (MM),None,None,2.4
2022,SHERRY TRANSFER,IMP,6,937,4215,,CALIPER GROWTH (MM),None,None,2.3
2022,SHERRY TRANSFER,IMP,6,944,4215,,CALIPER GROWTH (MM),None,None,1.8
2022,SHERRY TRANSFER,IMP,6,945,4215,,CALIPER GROWTH (MM),None,None,2.8
2022,SHERRY TRANSFER,IMP,6,956,4215,,CALIPER GROWTH (MM),None,None,1.4
2022,SHERRY TRANSFER,IMP,6,957,4215,,CALIPER GROWTH (MM),Dead,None,
2022,SHERRY TRANSFER,IMP,6,964,4215,,CALIPER GROWTH (MM),None,None,2.0
2022,SHERRY TRANSFER,IMP,6,965,4215,,CALIPER GROWTH (MM),None,None,3.2
2022,SHERRY TRANSFER,IMP,6,976,4215,,CALIPER GROWTH (MM),None,None,3.0
2022,SHERRY TRANSFER,IMP,6,977,4215,,CALIPER GROWTH (MM),None,None,1.9
2022,SHERRY TRANSFER,IMP,6,984,4215,,CALIPER GROWTH (MM),None,None,3.0
2022,SHERRY TRANSFER,IMP,6,985,4215,,CALIPER GROWTH (MM),None,None,1.9
2022,SHERRY TRANSFER,IMP,6,996,4215,,CALIPER GROWTH (MM),None,None,3.1
2022,SHERRY TRANSFER,IMP,6,997,4215,,CALIPER GROWTH (MM),None,None,1.4
2022,SHERRY TRANSFER,WR,1,201,2118-85,,HEIGHT GROWTH (CM),None,None,9.0
2022,SHERRY TRANSFER,WR,1,202,2118-85,,HEIGHT GROWTH (CM),None,None,8.0
2022,SHERRY TRANSFER,WR,1,219,2118-85,,HEIGHT GROWTH (CM),None,None,15.0
2022,SHERRY TRANSFER,WR,1,220,2118-85,,HEIGHT GROWTH (CM),None,None,5.0
2022,SHERRY TRANSFER,WR,1,221,2118-85,,HEIGHT GROWTH (CM),None,None,5.0
2022,SHERRY TRANSFER,WR,1,222,2118-85,,HEIGHT GROWTH (CM),None,None,15.0
2022,SHERRY TRANSFER,WR,1,239,2118-85,,HEIGHT GROWTH (CM),Dead,None,
2022,SHERRY TRANSFER,WR,1,240,2118-85,,HEIGHT GROWTH (CM),None,None,4.0
2022,SHERRY TRANSFER,WR,1,241,2118-85,,HEIGHT GROWTH (CM),None,None,8.0
2022,SHERRY TRANSFER,WR,1,242,2118-85,,HEIGHT GROWTH (CM),None,None,8.0
2022,SHERRY TRANSFER,WR,1,259,2118-85,,HEIGHT GROWTH (CM),None,None,5.0
2022,SHERRY TRANSFER,WR,1,260,2118-85,,HEIGHT GROWTH (CM),None,None,16.0
2022,SHERRY TRANSFER,WR,1,261,2118-85,,HEIGHT GROWTH (CM),None,None,9.0
2022,SHERRY TRANSFER,WR,1,280,2118-85,,HEIGHT GROWTH (CM),None,None,10.0
2022,SHERRY TRANSFER,WR,1,281,2118-85,,HEIGHT GROWTH (CM),None,None,12.0
2022,SHERRY TRANSFER,WR,1,300,2118-85,,HEIGHT GROWTH (CM),None,None,7.0
2022,SHERRY TRANSFER,WR,1,210,25-78,,HEIGHT GROWTH (CM),None,None,2.0
2022,SHERRY TRANSFER,WR,1,211,25-78,,HEIGHT GROWTH (CM),None,None,5.0
2022,SHERRY TRANSFER,WR,1,230,25-78,,HEIGHT GROWTH (CM),None,None,8.0
2022,SHERRY TRANSFER,WR,1,231,25-78,,HEIGHT GROWTH (CM),None,None,6.0
2022,SHERRY TRANSFER,WR,1,232,25-78,,HEIGHT GROWTH (CM),None,None,8.0
2022,SHERRY TRANSFER,WR,1,249,25-78,,HEIGHT GROWTH (CM),None,None,14.0
2022,SHERRY TRANSFER,WR,1,250,25-78,,HEIGHT GROWTH (CM),None,None,14.0
2022,SHERRY TRANSFER,WR,1,251,25-78,,HEIGHT GROWTH (CM),None,None,7.0
2022,SHERRY TRANSFER,WR,1,252,25-78,,HEIGHT GROWTH (CM),None,None,9.0
2022,SHERRY TRANSFER,WR,1,269,25-78,,HEIGHT GROWTH (CM),None,None,11.0
2022,SHERRY TRANSFER,WR,1,270,25-78,,HEIGHT GROWTH (CM),None,None,10.0
2022,SHERRY TRANSFER,WR,1,271,25-78,,HEIGHT GROWTH (CM),None,None,11.0
2022,SHERRY TRANSFER,WR,1,272,25-78,,HEIGHT GROWTH (CM),None,None,9.0
2022,SHERRY TRANSFER,WR,1,289,25-78,,HEIGHT GROWTH (CM),None,None,10.0
2022,SHERRY TRANSFER,WR,1,290,25-78,,HEIGHT GROWTH (CM),None,None,14.0
2022,SHERRY TRANSFER,WR,1,291,25-78,,HEIGHT GROWTH (CM),None,None,1.0
2022,SHERRY TRANSFER,WR,1,292,25-78,,HEIGHT GROWTH (CM),None,None,12.0
2022,SHERRY TRANSFER,WR,1,205,80-01,,HEIGHT GROWTH (CM),None,None,12.0
2022,SHERRY TRANSFER,WR,1,216,80-01,,HEIGHT GROWTH (CM),None,None,17.0
2022,SHERRY TRANSFER,WR,1,225,80-01,,HEIGHT GROWTH (CM),None,None,12.0
2022,SHERRY TRANSFER,WR,1,236,80-01,,HEIGHT GROWTH (CM),None,None,12.0
2022,SHERRY TRANSFER,WR,1,237,80-01,,HEIGHT GROWTH (CM),None,None,14.0
2022,SHERRY TRANSFER,WR,1,244,80-01,,HEIGHT GROWTH (CM),None,None,3.0
2022,SHERRY TRANSFER,WR,1,245,80-01,,HEIGHT GROWTH (CM),None,None,9.0
2022,SHERRY TRANSFER,WR,1,256,80-01,,HEIGHT GROWTH (CM),None,None,8.0
2022,SHERRY TRANSFER,WR,1,257,80-01,,HEIGHT GROWTH (CM),None,None,12.0
2022,SHERRY TRANSFER,WR,1,264,80-01,,HEIGHT GROWTH (CM),None,None,19.0
2022,SHERRY TRANSFER,WR,1,265,80-01,,HEIGHT GROWTH (CM),None,None,14.0
2022,SHERRY TRANSFER,WR,1,276,80-01,,HEIGHT GROWTH (CM),None,None,14.0
2022,SHERRY TRANSFER,WR,1,277,80-01,,HEIGHT GROWTH (CM),None,None,7.0
2022,SHERRY TRANSFER,WR,1,284,80-01,,HEIGHT GROWTH (CM),None,None,8.0
2022,SHERRY TRANSFER,WR,1,285,80-01,,HEIGHT GROWTH (CM),None,None,7.0
2022,SHERRY TRANSFER,WR,1,296,80-01,,HEIGHT GROWTH (CM),None,None,8.0
2022,SHERRY TRANSFER,WR,1,297,80-01,,HEIGHT GROWTH (CM),None,None,7.0
2022,SHERRY TRANSFER,WR,1,206,80-21,,HEIGHT GROWTH (CM),None,None,2.0
2022,SHERRY TRANSFER,WR,1,207,80-21,,HEIGHT GROWTH (CM),None,None,12.0
2022,SHERRY TRANSFER,WR,1,214,80-21,,HEIGHT GROWTH (CM),None,None,8.0
2022,SHERRY TRANSFER,WR,1,215,80-21,,HEIGHT GROWTH (CM),None,None,12.0
2022,SHERRY TRANSFER,WR,1,226,80-21,,HEIGHT GROWTH (CM),None,None,10.0
2022,SHERRY TRANSFER,WR,1,227,80-21,,HEIGHT GROWTH (CM),None,None,16.0
2022,SHERRY TRANSFER,WR,1,234,80-21,,HEIGHT GROWTH (CM),None,None,10.0
2022,SHERRY TRANSFER,WR,1,235,80-21,,HEIGHT GROWTH (CM),None,None,14.0
2022,SHERRY TRANSFER,WR,1,246,80-21,,HEIGHT GROWTH (CM),None,None,11.0
2022,SHERRY TRANSFER,WR,1,247,80-21,,HEIGHT GROWTH (CM),None,None,8.0
2022,SHERRY TRANSFER,WR,1,254,80-21,,HEIGHT GROWTH (CM),None,None,7.0
2022,SHERRY TRANSFER,WR,1,255,80-21,,HEIGHT GROWTH (CM),None,None,9.0
2022,SHERRY TRANSFER,WR,1,266,80-21,,HEIGHT GROWTH (CM),None,None,10.0
2022,SHERRY TRANSFER,WR,1,275,80-21,,HEIGHT GROWTH (CM),None,None,4.0
2022,SHERRY TRANSFER,WR,1,286,80-21,,HEIGHT GROWTH (CM),None,None,10.0
2022,SHERRY TRANSFER,WR,1,295,80-21,,HEIGHT GROWTH (CM),None,None,6.0
2022,SHERRY TRANSFER,WR,1,208,97-22,,HEIGHT GROWTH (CM),None,None,12.0
2022,SHERRY TRANSFER,WR,1,209,97-22,,HEIGHT GROWTH (CM),None,None,9.0
2022,SHERRY TRANSFER,WR,1,212,97-22,,HEIGHT GROWTH (CM),None,None,6.0
2022,SHERRY TRANSFER,WR,1,213,97-22,,HEIGHT GROWTH (CM),Dead,None,
2022,SHERRY TRANSFER,WR,1,228,97-22,,HEIGHT GROWTH (CM),None,None,9.0
2022,SHERRY TRANSFER,WR,1,229,97-22,,HEIGHT GROWTH (CM),None,None,7.0
2022,SHERRY TRANSFER,WR,1,233,97-22,,HEIGHT GROWTH (CM),None,None,7.0
2022,SHERRY TRANSFER,WR,1,248,97-22,,HEIGHT GROWTH (CM),None,None,15.0
2022,SHERRY TRANSFER,WR,1,253,97-22,,HEIGHT GROWTH (CM),None,None,10.0
2022,SHERRY TRANSFER,WR,1,267,97-22,,HEIGHT GROWTH (CM),None,None,14.0
2022,SHERRY TRANSFER,WR,1,268,97-22,,HEIGHT GROWTH (CM),None,None,14.0
2022,SHERRY TRANSFER,WR,1,273,97-22,,HEIGHT GROWTH (CM),None,None,13.0
2022,SHERRY TRANSFER,WR,1,274,97-22,,HEIGHT GROWTH (CM),None,None,12.0
2022,SHERRY TRANSFER,WR,1,287,97-22,,HEIGHT GROWTH (CM),None,None,13.0
2022,SHERRY TRANSFER,WR,1,288,97-22,,HEIGHT GROWTH (CM),None,None,11.0
2022,SHERRY TRANSFER,WR,1,293,97-22,,HEIGHT GROWTH (CM),None,None,9.0
2022,SHERRY TRANSFER,WR,1,294,97-22,,HEIGHT GROWTH (CM),None,None,10.0
2022,SHERRY TRANSFER,WR,1,203,GOOD HOPE,,HEIGHT GROWTH (CM),None,None,11.0
2022,SHERRY TRANSFER,WR,1,204,GOOD HOPE,,HEIGHT GROWTH (CM),None,None,19.0
2022,SHERRY TRANSFER,WR,1,217,GOOD HOPE,,HEIGHT GROWTH (CM),None,None,9.0
2022,SHERRY TRANSFER,WR,1,218,GOOD HOPE,,HEIGHT GROWTH (CM),None,None,8.0
2022,SHERRY TRANSFER,WR,1,223,GOOD HOPE,,HEIGHT GROWTH (CM),None,None,6.0
2022,SHERRY TRANSFER,WR,1,224,GOOD HOPE,,HEIGHT GROWTH (CM),None,None,14.0
2022,SHERRY TRANSFER,WR,1,238,GOOD HOPE,,HEIGHT GROWTH (CM),None,None,17.0
2022,SHERRY TRANSFER,WR,1,243,GOOD HOPE,,HEIGHT GROWTH (CM),None,None,9.0
2022,SHERRY TRANSFER,WR,1,258,GOOD HOPE,,HEIGHT GROWTH (CM),None,None,11.0
2022,SHERRY TRANSFER,WR,1,262,GOOD HOPE,,HEIGHT GROWTH (CM),None,None,18.0
2022,SHERRY TRANSFER,WR,1,263,GOOD HOPE,,HEIGHT GROWTH (CM),None,None,7.0
2022,SHERRY TRANSFER,WR,1,278,GOOD HOPE,,HEIGHT GROWTH (CM),None,None,10.0
2022,SHERRY TRANSFER,WR,1,279,GOOD HOPE,,HEIGHT GROWTH (CM),None,None,10.0
2022,SHERRY TRANSFER,WR,1,282,GOOD HOPE,,HEIGHT GROWTH (CM),None,None,7.0
2022,SHERRY TRANSFER,WR,1,283,GOOD HOPE,,HEIGHT GROWTH (CM),None,None,11.0
2022,SHERRY TRANSFER,WR,1,298,GOOD HOPE,,HEIGHT GROWTH (CM),None,None,9.0
2022,SHERRY TRANSFER,WR,1,299,GOOD HOPE,,HEIGHT GROWTH (CM),None,None,13.0
2022,SHERRY TRANSFER,WR,2,308,2118-85,,HEIGHT GROWTH (CM),None,None,9.0
2022,SHERRY TRANSFER,WR,2,309,2118-85,,HEIGHT GROWTH (CM),None,None,10.0
2022,SHERRY TRANSFER,WR,2,312,2118-85,,HEIGHT GROWTH (CM),None,None,6.0
2022,SHERRY TRANSFER,WR,2,313,2118-85,,HEIGHT GROWTH (CM),None,None,10.0
2022,SHERRY TRANSFER,WR,2,328,2118-85,,HEIGHT GROWTH (CM),None,None,9.0
2022,SHERRY TRANSFER,WR,2,329,2118-85,,HEIGHT GROWTH (CM),None,None,7.0
2022,SHERRY TRANSFER,WR,2,332,2118-85,,HEIGHT GROWTH (CM),None,None,5.0
2022,SHERRY TRANSFER,WR,2,333,2118-85,,HEIGHT GROWTH (CM),None,None,3.0
2022,SHERRY TRANSFER,WR,2,348,2118-85,,HEIGHT GROWTH (CM),None,None,10.0
2022,SHERRY TRANSFER,WR,2,353,2118-85,,HEIGHT GROWTH (CM),None,None,16.0
2022,SHERRY TRANSFER,WR,2,368,2118-85,,HEIGHT GROWTH (CM),None,None,10.0
2022,SHERRY TRANSFER,WR,2,373,2118-85,,HEIGHT GROWTH (CM),None,None,9.0
2022,SHERRY TRANSFER,WR,2,374,2118-85,,HEIGHT GROWTH (CM),None,None,5.0
2022,SHERRY TRANSFER,WR,2,387,2118-85,,HEIGHT GROWTH (CM),None,None,14.0
2022,SHERRY TRANSFER,WR,2,388,2118-85,,HEIGHT GROWTH (CM),None,None,9.0
2022,SHERRY TRANSFER,WR,2,393,2118-85,,HEIGHT GROWTH (CM),None,None,7.0
2022,SHERRY TRANSFER,WR,2,394,2118-85,,HEIGHT GROWTH (CM),None,None,8.0
2022,SHERRY TRANSFER,WR,2,306,25-78,,HEIGHT GROWTH (CM),None,None,8.0
2022,SHERRY TRANSFER,WR,2,307,25-78,,HEIGHT GROWTH (CM),None,None,6.0
2022,SHERRY TRANSFER,WR,2,314,25-78,,HEIGHT GROWTH (CM),None,None,10.0
2022,SHERRY TRANSFER,WR,2,315,25-78,,HEIGHT GROWTH (CM),None,None,9.0
2022,SHERRY TRANSFER,WR,2,326,25-78,,HEIGHT GROWTH (CM),None,None,10.0
2022,SHERRY TRANSFER,WR,2,327,25-78,,HEIGHT GROWTH (CM),None,None,12.0
2022,SHERRY TRANSFER,WR,2,334,25-78,,HEIGHT GROWTH (CM),None,None,11.0
2022,SHERRY TRANSFER,WR,2,335,25-78,,HEIGHT GROWTH (CM),None,None,11.0
2022,SHERRY TRANSFER,WR,2,346,25-78,,HEIGHT GROWTH (CM),None,None,9.0
2022,SHERRY TRANSFER,WR,2,347,25-78,,HEIGHT GROWTH (CM),None,None,8.0
2022,SHERRY TRANSFER,WR,2,354,25-78,,HEIGHT GROWTH (CM),None,None,10.0
2022,SHERRY TRANSFER,WR,2,355,25-78,,HEIGHT GROWTH (CM),None,None,10.0
2022,SHERRY TRANSFER,WR,2,366,25-78,,HEIGHT GROWTH (CM),None,None,10.0
2022,SHERRY TRANSFER,WR,2,367,25-78,,HEIGHT GROWTH (CM),None,None,7.0
2022,SHERRY TRANSFER,WR,2,375,25-78,,HEIGHT GROWTH (CM),None,None,10.0
2022,SHERRY TRANSFER,WR,2,386,25-78,,HEIGHT GROWTH (CM),None,None,9.0
2022,SHERRY TRANSFER,WR,2,395,25-78,,HEIGHT GROWTH (CM),None,None,11.0
2022,SHERRY TRANSFER,WR,2,301,80-01,,HEIGHT GROWTH (CM),None,None,12.0
2022,SHERRY TRANSFER,WR,2,302,80-01,,HEIGHT GROWTH (CM),None,None,24.0
2022,SHERRY TRANSFER,WR,2,319,80-01,,HEIGHT GROWTH (CM),None,None,8.0
2022,SHERRY TRANSFER,WR,2,320,80-01,,HEIGHT GROWTH (CM),None,None,9.0
2022,SHERRY TRANSFER,WR,2,321,80-01,,HEIGHT GROWTH (CM),None,None,8.0
2022,SHERRY TRANSFER,WR,2,322,80-01,,HEIGHT GROWTH (CM),None,None,11.0
2022,SHERRY TRANSFER,WR,2,339,80-01,,HEIGHT GROWTH (CM),None,None,14.0
2022,SHERRY TRANSFER,WR,2,340,80-01,,HEIGHT GROWTH (CM),None,None,5.0
2022,SHERRY TRANSFER,WR,2,341,80-01,,HEIGHT GROWTH (CM),None,None,10.0
2022,SHERRY TRANSFER,WR,2,342,80-01,,HEIGHT GROWTH (CM),None,None,7.0
2022,SHERRY TRANSFER,WR,2,359,80-01,,HEIGHT GROWTH (CM),None,None,12.0
2022,SHERRY TRANSFER,WR,2,360,80-01,,HEIGHT GROWTH (CM),None,None,10.0
2022,SHERRY TRANSFER,WR,2,361,80-01,,HEIGHT GROWTH (CM),None,None,4.0
2022,SHERRY TRANSFER,WR,2,380,80-01,,HEIGHT GROWTH (CM),None,None,6.0
2022,SHERRY TRANSFER,WR,2,381,80-01,,HEIGHT GROWTH (CM),None,None,11.0
2022,SHERRY TRANSFER,WR,2,400,80-01,,HEIGHT GROWTH (CM),None,None,7.0
2022,SHERRY TRANSFER,WR,2,303,80-21,,HEIGHT GROWTH (CM),None,None,10.0
2022,SHERRY TRANSFER,WR,2,304,80-21,,HEIGHT GROWTH (CM),None,None,14.0
2022,SHERRY TRANSFER,WR,2,317,80-21,,HEIGHT GROWTH (CM),None,None,6.0
2022,SHERRY TRANSFER,WR,2,318,80-21,,HEIGHT GROWTH (CM),None,None,10.0
2022,SHERRY TRANSFER,WR,2,323,80-21,,HEIGHT GROWTH (CM),None,None,13.0
2022,SHERRY TRANSFER,WR,2,324,80-21,,HEIGHT GROWTH (CM),None,None,10.0
2022,SHERRY TRANSFER,WR,2,338,80-21,,HEIGHT GROWTH (CM),None,None,10.0
2022,SHERRY TRANSFER,WR,2,343,80-21,,HEIGHT GROWTH (CM),None,None,12.0
2022,SHERRY TRANSFER,WR,2,358,80-21,,HEIGHT GROWTH (CM),None,None,13.0
2022,SHERRY TRANSFER,WR,2,362,80-21,,HEIGHT GROWTH (CM),None,None,14.0
2022,SHERRY TRANSFER,WR,2,363,80-21,,HEIGHT GROWTH (CM),None,None,7.0
2022,SHERRY TRANSFER,WR,2,378,80-21,,HEIGHT GROWTH (CM),None,None,12.0
2022,SHERRY TRANSFER,WR,2,379,80-21,,HEIGHT GROWTH (CM),None,None,13.0
2022,SHERRY TRANSFER,WR,2,382,80-21,,HEIGHT GROWTH (CM),None,None,9.0
2022,SHERRY TRANSFER,WR,2,383,80-21,,HEIGHT GROWTH (CM),None,None,8.0
2022,SHERRY TRANSFER,WR,2,398,80-21,,HEIGHT GROWTH (CM),None,None,13.0
2022,SHERRY TRANSFER,WR,2,399,80-21,,HEIGHT GROWTH (CM),None,None,11.0
2022,SHERRY TRANSFER,WR,2,305,97-22,,HEIGHT GROWTH (CM),None,None,8.0
2022,SHERRY TRANSFER,WR,2,316,97-22,,HEIGHT GROWTH (CM),None,None,10.0
2022,SHERRY TRANSFER,WR,2,325,97-22,,HEIGHT GROWTH (CM),None,None,10.0
2022,SHERRY TRANSFER,WR,2,336,97-22,,HEIGHT GROWTH (CM),None,None,6.0
2022,SHERRY TRANSFER,WR,2,337,97-22,,HEIGHT GROWTH (CM),None,None,11.0
2022,SHERRY TRANSFER,WR,2,344,97-22,,HEIGHT GROWTH (CM),None,None,11.0
2022,SHERRY TRANSFER,WR,2,345,97-22,,HEIGHT GROWTH (CM),None,None,7.0
2022,SHERRY TRANSFER,WR,2,356,97-22,,HEIGHT GROWTH (CM),None,None,9.0
2022,SHERRY TRANSFER,WR,2,357,97-22,,HEIGHT GROWTH (CM),None,None,9.0
2022,SHERRY TRANSFER,WR,2,364,97-22,,HEIGHT GROWTH (CM),None,None,7.0
2022,SHERRY TRANSFER,WR,2,365,97-22,,HEIGHT GROWTH (CM),None,None,7.0
2022,SHERRY TRANSFER,WR,2,376,97-22,,HEIGHT GROWTH (CM),None,None,9.0
2022,SHERRY TRANSFER,WR,2,377,97-22,,HEIGHT GROWTH (CM),None,None,12.0
2022,SHERRY TRANSFER,WR,2,384,97-22,,HEIGHT GROWTH (CM),None,None,9.0
2022,SHERRY TRANSFER,WR,2,385,97-22,,HEIGHT GROWTH (CM),None,None,8.0
2022,SHERRY TRANSFER,WR,2,396,97-22,,HEIGHT GROWTH (CM),None,None,9.0
2022,SHERRY TRANSFER,WR,2,397,97-22,,HEIGHT GROWTH (CM),None,None,14.0
2022,SHERRY TRANSFER,WR,2,310,GOOD HOPE,,HEIGHT GROWTH (CM),None,None,12.0
2022,SHERRY TRANSFER,WR,2,311,GOOD HOPE,,HEIGHT GROWTH (CM),None,None,11.0
2022,SHERRY TRANSFER,WR,2,330,GOOD HOPE,,HEIGHT GROWTH (CM),None,None,12.0
2022,SHERRY TRANSFER,WR,2,331,GOOD HOPE,,HEIGHT GROWTH (CM),None,None,11.0
2022,SHERRY TRANSFER,WR,2,349,GOOD HOPE,,HEIGHT GROWTH (CM),None,None,2.0
2022,SHERRY TRANSFER,WR,2,350,GOOD HOPE,,HEIGHT GROWTH (CM),None,None,7.0
2022,SHERRY TRANSFER,WR,2,351,GOOD HOPE,,HEIGHT GROWTH (CM),None,None,9.0
2022,SHERRY TRANSFER,WR,2,352,GOOD HOPE,,HEIGHT GROWTH (CM),None,None,14.0
2022,SHERRY TRANSFER,WR,2,369,GOOD HOPE,,HEIGHT GROWTH (CM),None,None,10.0
2022,SHERRY TRANSFER,WR,2,370,GOOD HOPE,,HEIGHT GROWTH (CM),None,None,12.0
2022,SHERRY TRANSFER,WR,2,371,GOOD HOPE,,HEIGHT GROWTH (CM),Dead,None,
2022,SHERRY TRANSFER,WR,2,372,GOOD HOPE,,HEIGHT GROWTH (CM),None,None,14.0
2022,SHERRY TRANSFER,WR,2,389,GOOD HOPE,,HEIGHT GROWTH (CM),None,None,9.0
2022,SHERRY TRANSFER,WR,2,390,GOOD HOPE,,HEIGHT GROWTH (CM),None,None,10.0
2022,SHERRY TRANSFER,WR,2,391,GOOD HOPE,,HEIGHT GROWTH (CM),None,None,12.0
2022,SHERRY TRANSFER,WR,2,392,GOOD HOPE,,HEIGHT GROWTH (CM),None,None,10.0
2022,SHERRY TRANSFER,WR,3,405,2118-85,,HEIGHT GROWTH (CM),None,None,10.0
2022,SHERRY TRANSFER,WR,3,416,2118-85,,HEIGHT GROWTH (CM),None,None,9.0
2022,SHERRY TRANSFER,WR,3,424,2118-85,,HEIGHT GROWTH (CM),None,None,12.0
2022,SHERRY TRANSFER,WR,3,425,2118-85,,HEIGHT GROWTH (CM),None,None,13.0
2022,SHERRY TRANSFER,WR,3,436,2118-85,,HEIGHT GROWTH (CM),None,None,9.0
2022,SHERRY TRANSFER,WR,3,437,2118-85,,HEIGHT GROWTH (CM),None,None,8.0
2022,SHERRY TRANSFER,WR,3,444,2118-85,,HEIGHT GROWTH (CM),None,None,6.0
2022,SHERRY TRANSFER,WR,3,445,2118-85,,HEIGHT GROWTH (CM),None,None,9.0
2022,SHERRY TRANSFER,WR,3,456,2118-85,,HEIGHT GROWTH (CM),None,None,7.0
2022,SHERRY TRANSFER,WR,3,457,2118-85,,HEIGHT GROWTH (CM),None,None,9.0
2022,SHERRY TRANSFER,WR,3,464,2118-85,,HEIGHT GROWTH (CM),None,None,8.0
2022,SHERRY TRANSFER,WR,3,465,2118-85,,HEIGHT GROWTH (CM),None,None,12.0
2022,SHERRY TRANSFER,WR,3,476,2118-85,,HEIGHT GROWTH (CM),None,None,9.0
2022,SHERRY TRANSFER,WR,3,477,2118-85,,HEIGHT GROWTH (CM),None,None,9.0
2022,SHERRY TRANSFER,WR,3,484,2118-85,,HEIGHT GROWTH (CM),None,None,9.0
2022,SHERRY TRANSFER,WR,3,485,2118-85,,HEIGHT GROWTH (CM),None,None,10.0
2022,SHERRY TRANSFER,WR,3,497,2118-85,,HEIGHT GROWTH (CM),None,None,4.0
2022,SHERRY TRANSFER,WR,3,401,25-78,,HEIGHT GROWTH (CM),None,None,6.0
2022,SHERRY TRANSFER,WR,3,402,25-78,,HEIGHT GROWTH (CM),None,None,8.0
2022,SHERRY TRANSFER,WR,3,419,25-78,,HEIGHT GROWTH (CM),None,None,10.0
2022,SHERRY TRANSFER,WR,3,420,25-78,,HEIGHT GROWTH (CM),None,None,5.0
2022,SHERRY TRANSFER,WR,3,421,25-78,,HEIGHT GROWTH (CM),None,None,12.0
2022,SHERRY TRANSFER,WR,3,422,25-78,,HEIGHT GROWTH (CM),None,None,10.0
2022,SHERRY TRANSFER,WR,3,439,25-78,,HEIGHT GROWTH (CM),None,None,8.0
2022,SHERRY TRANSFER,WR,3,440,25-78,,HEIGHT GROWTH (CM),None,None,11.0
2022,SHERRY TRANSFER,WR,3,441,25-78,,HEIGHT GROWTH (CM),None,None,11.0
2022,SHERRY TRANSFER,WR,3,442,25-78,,HEIGHT GROWTH (CM),None,None,10.0
2022,SHERRY TRANSFER,WR,3,459,25-78,,HEIGHT GROWTH (CM),None,None,3.0
2022,SHERRY TRANSFER,WR,3,460,25-78,,HEIGHT GROWTH (CM),None,None,6.0
2022,SHERRY TRANSFER,WR,3,461,25-78,,HEIGHT GROWTH (CM),None,None,8.0
2022,SHERRY TRANSFER,WR,3,480,25-78,,HEIGHT GROWTH (CM),None,None,0.0
2022,SHERRY TRANSFER,WR,3,481,25-78,,HEIGHT GROWTH (CM),None,None,12.0
2022,SHERRY TRANSFER,WR,3,500,25-78,,HEIGHT GROWTH (CM),None,None,11.0
2022,SHERRY TRANSFER,WR,3,410,80-01,,HEIGHT GROWTH (CM),None,None,16.0
2022,SHERRY TRANSFER,WR,3,411,80-01,,HEIGHT GROWTH (CM),None,None,13.0
2022,SHERRY TRANSFER,WR,3,430,80-01,,HEIGHT GROWTH (CM),None,None,7.0
2022,SHERRY TRANSFER,WR,3,431,80-01,,HEIGHT GROWTH (CM),None,None,10.0
2022,SHERRY TRANSFER,WR,3,432,80-01,,HEIGHT GROWTH (CM),None,None,11.0
2022,SHERRY TRANSFER,WR,3,449,80-01,,HEIGHT GROWTH (CM),None,None,12.0
2022,SHERRY TRANSFER,WR,3,450,80-01,,HEIGHT GROWTH (CM),None,None,17.0
2022,SHERRY TRANSFER,WR,3,451,80-01,,HEIGHT GROWTH (CM),None,None,12.0
2022,SHERRY TRANSFER,WR,3,452,80-01,,HEIGHT GROWTH (CM),None,None,3.0
2022,SHERRY TRANSFER,WR,3,469,80-01,,HEIGHT GROWTH (CM),None,None,7.0
2022,SHERRY TRANSFER,WR,3,470,80-01,,HEIGHT GROWTH (CM),None,None,7.0
2022,SHERRY TRANSFER,WR,3,471,80-01,,HEIGHT GROWTH (CM),None,None,7.0
2022,SHERRY TRANSFER,WR,3,472,80-01,,HEIGHT GROWTH (CM),None,None,11.0
2022,SHERRY TRANSFER,WR,3,489,80-01,,HEIGHT GROWTH (CM),None,None,9.0
2022,SHERRY TRANSFER,WR,3,490,80-01,,HEIGHT GROWTH (CM),None,None,8.0
2022,SHERRY TRANSFER,WR,3,491,80-01,,HEIGHT GROWTH (CM),None,None,6.0
2022,SHERRY TRANSFER,WR,3,492,80-01,,HEIGHT GROWTH (CM),None,None,8.0
2022,SHERRY TRANSFER,WR,3,406,80-21,,HEIGHT GROWTH (CM),None,None,16.0
2022,SHERRY TRANSFER,WR,3,407,80-21,,HEIGHT GROWTH (CM),None,None,12.0
2022,SHERRY TRANSFER,WR,3,414,80-21,,HEIGHT GROWTH (CM),None,None,13.0
2022,SHERRY TRANSFER,WR,3,415,80-21,,HEIGHT GROWTH (CM),None,None,11.0
2022,SHERRY TRANSFER,WR,3,426,80-21,,HEIGHT GROWTH (CM),None,None,15.0
2022,SHERRY TRANSFER,WR,3,427,80-21,,HEIGHT GROWTH (CM),None,None,9.0
2022,SHERRY TRANSFER,WR,3,434,80-21,,HEIGHT GROWTH (CM),None,None,13.0
2022,SHERRY TRANSFER,WR,3,435,80-21,,HEIGHT GROWTH (CM),None,None,14.0
2022,SHERRY TRANSFER,WR,3,446,80-21,,HEIGHT GROWTH (CM),None,None,10.0
2022,SHERRY TRANSFER,WR,3,447,80-21,,HEIGHT GROWTH (CM),None,None,9.0
2022,SHERRY TRANSFER,WR,3,454,80-21,,HEIGHT GROWTH (CM),None,None,11.0
2022,SHERRY TRANSFER,WR,3,455,80-21,,HEIGHT GROWTH (CM),None,None,13.0
2022,SHERRY TRANSFER,WR,3,466,80-21,,HEIGHT GROWTH (CM),None,None,8.0
2022,SHERRY TRANSFER,WR,3,475,80-21,,HEIGHT GROWTH (CM),None,None,11.0
2022,SHERRY TRANSFER,WR,3,486,80-21,,HEIGHT GROWTH (CM),None,None,6.0
2022,SHERRY TRANSFER,WR,3,495,80-21,,HEIGHT GROWTH (CM),None,None,9.0
2022,SHERRY TRANSFER,WR,3,496,80-21,,HEIGHT GROWTH (CM),None,None,4.0
2022,SHERRY TRANSFER,WR,3,403,97-22,,HEIGHT GROWTH (CM),None,None,7.0
2022,SHERRY TRANSFER,WR,3,404,97-22,,HEIGHT GROWTH (CM),None,None,7.0
2022,SHERRY TRANSFER,WR,3,417,97-22,,HEIGHT GROWTH (CM),None,None,13.0
2022,SHERRY TRANSFER,WR,3,418,97-22,,HEIGHT GROWTH (CM),None,None,14.0
2022,SHERRY TRANSFER,WR,3,423,97-22,,HEIGHT GROWTH (CM),None,None,11.0
2022,SHERRY TRANSFER,WR,3,438,97-22,,HEIGHT GROWTH (CM),None,None,11.0
2022,SHERRY TRANSFER,WR,3,443,97-22,,HEIGHT GROWTH (CM),None,None,7.0
2022,SHERRY TRANSFER,WR,3,458,97-22,,HEIGHT GROWTH (CM),None,None,7.0
2022,SHERRY TRANSFER,WR,3,462,97-22,,HEIGHT GROWTH (CM),None,None,6.0
2022,SHERRY TRANSFER,WR,3,463,97-22,,HEIGHT GROWTH (CM),None,None,12.0
2022,SHERRY TRANSFER,WR,3,478,97-22,,HEIGHT GROWTH (CM),None,None,7.0
2022,SHERRY TRANSFER,WR,3,479,97-22,,HEIGHT GROWTH (CM),None,None,8.0
2022,SHERRY TRANSFER,WR,3,482,97-22,,HEIGHT GROWTH (CM),None,None,12.0
2022,SHERRY TRANSFER,WR,3,483,97-22,,HEIGHT GROWTH (CM),None,None,13.0
2022,SHERRY TRANSFER,WR,3,498,97-22,,HEIGHT GROWTH (CM),None,None,9.0
2022,SHERRY TRANSFER,WR,3,499,97-22,,HEIGHT GROWTH (CM),None,None,9.0
2022,SHERRY TRANSFER,WR,3,408,GOOD HOPE,,HEIGHT GROWTH (CM),None,None,10.0
2022,SHERRY TRANSFER,WR,3,409,GOOD HOPE,,HEIGHT GROWTH (CM),None,None,12.0
2022,SHERRY TRANSFER,WR,3,412,GOOD HOPE,,HEIGHT GROWTH (CM),None,None,9.0
2022,SHERRY TRANSFER,WR,3,413,GOOD HOPE,,HEIGHT GROWTH (CM),None,None,13.0
2022,SHERRY TRANSFER,WR,3,428,GOOD HOPE,,HEIGHT GROWTH (CM),None,None,9.0
2022,SHERRY TRANSFER,WR,3,429,GOOD HOPE,,HEIGHT GROWTH (CM),None,None,7.0
2022,SHERRY TRANSFER,WR,3,433,GOOD HOPE,,HEIGHT GROWTH (CM),None,None,11.0
2022,SHERRY TRANSFER,WR,3,448,GOOD HOPE,,HEIGHT GROWTH (CM),None,None,11.0
2022,SHERRY TRANSFER,WR,3,453,GOOD HOPE,,HEIGHT GROWTH (CM),None,None,13.0
2022,SHERRY TRANSFER,WR,3,467,GOOD HOPE,,HEIGHT GROWTH (CM),None,None,11.0
2022,SHERRY TRANSFER,WR,3,468,GOOD HOPE,,HEIGHT GROWTH (CM),None,None,6.0
2022,SHERRY TRANSFER,WR,3,473,GOOD HOPE,,HEIGHT GROWTH (CM),None,None,8.0
2022,SHERRY TRANSFER,WR,3,474,GOOD HOPE,,HEIGHT GROWTH (CM),None,None,13.0
2022,SHERRY TRANSFER,WR,3,487,GOOD HOPE,,HEIGHT GROWTH (CM),None,None,10.0
2022,SHERRY TRANSFER,WR,3,488,GOOD HOPE,,HEIGHT GROWTH (CM),None,None,15.0
2022,SHERRY TRANSFER,WR,3,493,GOOD HOPE,,HEIGHT GROWTH (CM),None,None,9.0
2022,SHERRY TRANSFER,WR,3,494,GOOD HOPE,,HEIGHT GROWTH (CM),None,None,12.0
2022,SHERRY TRANSFER,IMP,4,301,1032,,HEIGHT GROWTH (CM),None,None,4.0
2022,SHERRY TRANSFER,IMP,4,302,1032,,HEIGHT GROWTH (CM),None,None,8.0
2022,SHERRY TRANSFER,IMP,4,319,1032,,HEIGHT GROWTH (CM),None,None,11.0
2022,SHERRY TRANSFER,IMP,4,320,1032,,HEIGHT GROWTH (CM),None,None,8.0
2022,SHERRY TRANSFER,IMP,4,321,1032,,HEIGHT GROWTH (CM),None,None,12.0
2022,SHERRY TRANSFER,IMP,4,322,1032,,HEIGHT GROWTH (CM),None,None,10.0
2022,SHERRY TRANSFER,IMP,4,339,1032,,HEIGHT GROWTH (CM),None,None,9.0
2022,SHERRY TRANSFER,IMP,4,340,1032,,HEIGHT GROWTH (CM),None,None,12.0
2022,SHERRY TRANSFER,IMP,4,341,1032,,HEIGHT GROWTH (CM),None,None,14.0
2022,SHERRY TRANSFER,IMP,4,342,1032,,HEIGHT GROWTH (CM),None,None,12.0
2022,SHERRY TRANSFER,IMP,4,359,1032,,HEIGHT GROWTH (CM),None,None,8.0
2022,SHERRY TRANSFER,IMP,4,360,1032,,HEIGHT GROWTH (CM),None,None,10.0
2022,SHERRY TRANSFER,IMP,4,361,1032,,HEIGHT GROWTH (CM),None,None,11.0
2022,SHERRY TRANSFER,IMP,4,380,1032,,HEIGHT GROWTH (CM),None,None,14.0
2022,SHERRY TRANSFER,IMP,4,381,1032,,HEIGHT GROWTH (CM),None,None,11.0
2022,SHERRY TRANSFER,IMP,4,400,1032,,HEIGHT GROWTH (CM),None,None,9.0
2022,SHERRY TRANSFER,IMP,4,303,1119,,HEIGHT GROWTH (CM),None,None,6.0
2022,SHERRY TRANSFER,IMP,4,304,1119,,HEIGHT GROWTH (CM),None,None,9.0
2022,SHERRY TRANSFER,IMP,4,317,1119,,HEIGHT GROWTH (CM),None,None,11.0
2022,SHERRY TRANSFER,IMP,4,318,1119,,HEIGHT GROWTH (CM),None,None,10.0
2022,SHERRY TRANSFER,IMP,4,323,1119,,HEIGHT GROWTH (CM),None,None,15.0
2022,SHERRY TRANSFER,IMP,4,338,1119,,HEIGHT GROWTH (CM),None,None,10.0
2022,SHERRY TRANSFER,IMP,4,343,1119,,HEIGHT GROWTH (CM),None,None,8.0
2022,SHERRY TRANSFER,IMP,4,358,1119,,HEIGHT GROWTH (CM),None,None,20.0
2022,SHERRY TRANSFER,IMP,4,362,1119,,HEIGHT GROWTH (CM),None,None,8.0
2022,SHERRY TRANSFER,IMP,4,363,1119,,HEIGHT GROWTH (CM),None,None,10.0
2022,SHERRY TRANSFER,IMP,4,378,1119,,HEIGHT GROWTH (CM),None,None,5.0
2022,SHERRY TRANSFER,IMP,4,379,1119,,HEIGHT GROWTH (CM),None,None,12.0
2022,SHERRY TRANSFER,IMP,4,382,1119,,HEIGHT GROWTH (CM),None,None,13.0
2022,SHERRY TRANSFER,IMP,4,383,1119,,HEIGHT GROWTH (CM),None,None,11.0
2022,SHERRY TRANSFER,IMP,4,398,1119,,HEIGHT GROWTH (CM),None,None,9.0
2022,SHERRY TRANSFER,IMP,4,399,1119,,HEIGHT GROWTH (CM),None,None,11.0
2022,SHERRY TRANSFER,IMP,4,306,1241,,HEIGHT GROWTH (CM),None,None,7.0
2022,SHERRY TRANSFER,IMP,4,307,1241,,HEIGHT GROWTH (CM),None,None,7.0
2022,SHERRY TRANSFER,IMP,4,314,1241,,HEIGHT GROWTH (CM),None,None,8.0
2022,SHERRY TRANSFER,IMP,4,315,1241,,HEIGHT GROWTH (CM),None,None,6.0
2022,SHERRY TRANSFER,IMP,4,326,1241,,HEIGHT GROWTH (CM),None,None,6.0
2022,SHERRY TRANSFER,IMP,4,327,1241,,HEIGHT GROWTH (CM),None,None,12.0
2022,SHERRY TRANSFER,IMP,4,334,1241,,HEIGHT GROWTH (CM),None,None,17.0
2022,SHERRY TRANSFER,IMP,4,335,1241,,HEIGHT GROWTH (CM),None,None,11.0
2022,SHERRY TRANSFER,IMP,4,346,1241,,HEIGHT GROWTH (CM),None,None,12.0
2022,SHERRY TRANSFER,IMP,4,347,1241,,HEIGHT GROWTH (CM),None,None,9.0
2022,SHERRY TRANSFER,IMP,4,354,1241,,HEIGHT GROWTH (CM),None,None,11.0
2022,SHERRY TRANSFER,IMP,4,355,1241,,HEIGHT GROWTH (CM),None,None,11.0
2022,SHERRY TRANSFER,IMP,4,366,1241,,HEIGHT GROWTH (CM),None,None,11.0
2022,SHERRY TRANSFER,IMP,4,375,1241,,HEIGHT GROWTH (CM),None,None,8.0
2022,SHERRY TRANSFER,IMP,4,386,1241,,HEIGHT GROWTH (CM),None,None,7.0
2022,SHERRY TRANSFER,IMP,4,395,1241,,HEIGHT GROWTH (CM),None,None,9.0
2022,SHERRY TRANSFER,IMP,4,396,1241,,HEIGHT GROWTH (CM),None,None,10.0
2022,SHERRY TRANSFER,IMP,4,305,4113,,HEIGHT GROWTH (CM),None,None,13.0
2022,SHERRY TRANSFER,IMP,4,316,4113,,HEIGHT GROWTH (CM),None,None,9.0
2022,SHERRY TRANSFER,IMP,4,324,4113,,HEIGHT GROWTH (CM),None,None,12.0
2022,SHERRY TRANSFER,IMP,4,325,4113,,HEIGHT GROWTH (CM),None,None,9.0
2022,SHERRY TRANSFER,IMP,4,336,4113,,HEIGHT GROWTH (CM),None,None,9.0
2022,SHERRY TRANSFER,IMP,4,337,4113,,HEIGHT GROWTH (CM),None,None,13.0
2022,SHERRY TRANSFER,IMP,4,344,4113,,HEIGHT GROWTH (CM),None,None,13.0
2022,SHERRY TRANSFER,IMP,4,345,4113,,HEIGHT GROWTH (CM),None,None,10.0
2022,SHERRY TRANSFER,IMP,4,356,4113,,HEIGHT GROWTH (CM),None,None,16.0
2022,SHERRY TRANSFER,IMP,4,357,4113,,HEIGHT GROWTH (CM),None,None,7.0
2022,SHERRY TRANSFER,IMP,4,364,4113,,HEIGHT GROWTH (CM),None,None,6.0
2022,SHERRY TRANSFER,IMP,4,365,4113,,HEIGHT GROWTH (CM),None,None,3.0
2022,SHERRY TRANSFER,IMP,4,376,4113,,HEIGHT GROWTH (CM),None,None,13.0
2022,SHERRY TRANSFER,IMP,4,377,4113,,HEIGHT GROWTH (CM),None,None,11.0
2022,SHERRY TRANSFER,IMP,4,384,4113,,HEIGHT GROWTH (CM),None,None,11.0
2022,SHERRY TRANSFER,IMP,4,385,4113,,HEIGHT GROWTH (CM),None,None,10.0
2022,SHERRY TRANSFER,IMP,4,397,4113,,HEIGHT GROWTH (CM),None,None,12.0
2022,SHERRY TRANSFER,IMP,4,308,4114,,HEIGHT GROWTH (CM),None,None,6.0
2022,SHERRY TRANSFER,IMP,4,309,4114,,HEIGHT GROWTH (CM),None,None,10.0
2022,SHERRY TRANSFER,IMP,4,312,4114,,HEIGHT GROWTH (CM),None,None,1.0
2022,SHERRY TRANSFER,IMP,4,313,4114,,HEIGHT GROWTH (CM),None,None,12.0
2022,SHERRY TRANSFER,IMP,4,328,4114,,HEIGHT GROWTH (CM),None,None,9.0
2022,SHERRY TRANSFER,IMP,4,329,4114,,HEIGHT GROWTH (CM),None,None,16.0
2022,SHERRY TRANSFER,IMP,4,333,4114,,HEIGHT GROWTH (CM),None,None,13.0
2022,SHERRY TRANSFER,IMP,4,348,4114,,HEIGHT GROWTH (CM),None,None,10.0
2022,SHERRY TRANSFER,IMP,4,353,4114,,HEIGHT GROWTH (CM),None,None,9.0
2022,SHERRY TRANSFER,IMP,4,367,4114,,HEIGHT GROWTH (CM),None,None,7.0
2022,SHERRY TRANSFER,IMP,4,368,4114,,HEIGHT GROWTH (CM),None,None,7.0
2022,SHERRY TRANSFER,IMP,4,373,4114,,HEIGHT GROWTH (CM),None,None,7.0
2022,SHERRY TRANSFER,IMP,4,374,4114,,HEIGHT GROWTH (CM),None,None,9.0
2022,SHERRY TRANSFER,IMP,4,387,4114,,HEIGHT GROWTH (CM),None,None,5.0
2022,SHERRY TRANSFER,IMP,4,388,4114,,HEIGHT GROWTH (CM),None,None,7.0
2022,SHERRY TRANSFER,IMP,4,393,4114,,HEIGHT GROWTH (CM),None,None,6.0
2022,SHERRY TRANSFER,IMP,4,394,4114,,HEIGHT GROWTH (CM),None,None,5.0
2022,SHERRY TRANSFER,IMP,4,310,4215,,HEIGHT GROWTH (CM),None,None,11.0
2022,SHERRY TRANSFER,IMP,4,311,4215,,HEIGHT GROWTH (CM),None,None,4.0
2022,SHERRY TRANSFER,IMP,4,330,4215,,HEIGHT GROWTH (CM),None,None,9.0
2022,SHERRY TRANSFER,IMP,4,331,4215,,HEIGHT GROWTH (CM),None,None,9.0
2022,SHERRY TRANSFER,IMP,4,332,4215,,HEIGHT GROWTH (CM),None,None,10.0
2022,SHERRY TRANSFER,IMP,4,349,4215,,HEIGHT GROWTH (CM),None,None,11.0
2022,SHERRY TRANSFER,IMP,4,350,4215,,HEIGHT GROWTH (CM),None,None,12.0
2022,SHERRY TRANSFER,IMP,4,351,4215,,HEIGHT GROWTH (CM),None,None,14.0
2022,SHERRY TRANSFER,IMP,4,352,4215,,HEIGHT GROWTH (CM),None,None,19.0
2022,SHERRY TRANSFER,IMP,4,369,4215,,HEIGHT GROWTH (CM),None,None,11.0
2022,SHERRY TRANSFER,IMP,4,370,4215,,HEIGHT GROWTH (CM),None,None,8.0
2022,SHERRY TRANSFER,IMP,4,371,4215,,HEIGHT GROWTH (CM),None,None,10.0
2022,SHERRY TRANSFER,IMP,4,372,4215,,HEIGHT GROWTH (CM),None,None,10.0
2022,SHERRY TRANSFER,IMP,4,389,4215,,HEIGHT GROWTH (CM),None,None,4.0
2022,SHERRY TRANSFER,IMP,4,390,4215,,HEIGHT GROWTH (CM),None,None,5.0
2022,SHERRY TRANSFER,IMP,4,391,4215,,HEIGHT GROWTH (CM),None,None,9.0
2022,SHERRY TRANSFER,IMP,4,392,4215,,HEIGHT GROWTH (CM),None,None,9.0
2022,SHERRY TRANSFER,IMP,5,806,1032,,HEIGHT GROWTH (CM),None,None,9.0
2022,SHERRY TRANSFER,IMP,5,807,1032,,HEIGHT GROWTH (CM),None,None,12.0
2022,SHERRY TRANSFER,IMP,5,814,1032,,HEIGHT GROWTH (CM),None,None,12.0
2022,SHERRY TRANSFER,IMP,5,815,1032,,HEIGHT GROWTH (CM),None,None,10.0
2022,SHERRY TRANSFER,IMP,5,826,1032,,HEIGHT GROWTH (CM),None,None,11.0
2022,SHERRY TRANSFER,IMP,5,827,1032,,HEIGHT GROWTH (CM),None,None,10.0
2022,SHERRY TRANSFER,IMP,5,834,1032,,HEIGHT GROWTH (CM),None,None,9.0
2022,SHERRY TRANSFER,IMP,5,835,1032,,HEIGHT GROWTH (CM),None,None,13.0
2022,SHERRY TRANSFER,IMP,5,846,1032,,HEIGHT GROWTH (CM),None,None,10.0
2022,SHERRY TRANSFER,IMP,5,847,1032,,HEIGHT GROWTH (CM),None,None,11.0
2022,SHERRY TRANSFER,IMP,5,854,1032,,HEIGHT GROWTH (CM),None,None,11.0
2022,SHERRY TRANSFER,IMP,5,855,1032,,HEIGHT GROWTH (CM),None,None,6.0
2022,SHERRY TRANSFER,IMP,5,866,1032,,HEIGHT GROWTH (CM),None,None,11.0
2022,SHERRY TRANSFER,IMP,5,867,1032,,HEIGHT GROWTH (CM),None,None,11.0
2022,SHERRY TRANSFER,IMP,5,875,1032,,HEIGHT GROWTH (CM),None,None,12.0
2022,SHERRY TRANSFER,IMP,5,886,1032,,HEIGHT GROWTH (CM),None,None,9.0
2022,SHERRY TRANSFER,IMP,5,895,1032,,HEIGHT GROWTH (CM),None,None,10.0
2022,SHERRY TRANSFER,IMP,5,805,1119,,HEIGHT GROWTH (CM),None,None,10.0
2022,SHERRY TRANSFER,IMP,5,816,1119,,HEIGHT GROWTH (CM),None,None,8.0
2022,SHERRY TRANSFER,IMP,5,825,1119,,HEIGHT GROWTH (CM),None,None,13.0
2022,SHERRY TRANSFER,IMP,5,836,1119,,HEIGHT GROWTH (CM),None,None,7.0
2022,SHERRY TRANSFER,IMP,5,837,1119,,HEIGHT GROWTH (CM),None,None,10.0
2022,SHERRY TRANSFER,IMP,5,844,1119,,HEIGHT GROWTH (CM),None,None,14.0
2022,SHERRY TRANSFER,IMP,5,845,1119,,HEIGHT GROWTH (CM),None,None,14.0
2022,SHERRY TRANSFER,IMP,5,856,1119,,HEIGHT GROWTH (CM),None,None,5.0
2022,SHERRY TRANSFER,IMP,5,857,1119,,HEIGHT GROWTH (CM),None,None,11.0
2022,SHERRY TRANSFER,IMP,5,864,1119,,HEIGHT GROWTH (CM),None,None,9.0
2022,SHERRY TRANSFER,IMP,5,865,1119,,HEIGHT GROWTH (CM),None,None,9.0
2022,SHERRY TRANSFER,IMP,5,876,1119,,HEIGHT GROWTH (CM),None,None,8.0
2022,SHERRY TRANSFER,IMP,5,877,1119,,HEIGHT GROWTH (CM),None,None,8.0
2022,SHERRY TRANSFER,IMP,5,884,1119,,HEIGHT GROWTH (CM),None,None,12.0
2022,SHERRY TRANSFER,IMP,5,885,1119,,HEIGHT GROWTH (CM),None,None,12.0
2022,SHERRY TRANSFER,IMP,5,896,1119,,HEIGHT GROWTH (CM),None,None,10.0
2022,SHERRY TRANSFER,IMP,5,897,1119,,HEIGHT GROWTH (CM),None,None,10.0
2022,SHERRY TRANSFER,IMP,5,803,1241,,HEIGHT GROWTH (CM),None,None,11.0
2022,SHERRY TRANSFER,IMP,5,804,1241,,HEIGHT GROWTH (CM),None,None,7.0
2022,SHERRY TRANSFER,IMP,5,817,1241,,HEIGHT GROWTH (CM),None,None,12.0
2022,SHERRY TRANSFER,IMP,5,818,1241,,HEIGHT GROWTH (CM),None,None,8.0
2022,SHERRY TRANSFER,IMP,5,823,1241,,HEIGHT GROWTH (CM),None,None,14.0
2022,SHERRY TRANSFER,IMP,5,824,1241,,HEIGHT GROWTH (CM),None,None,16.0
2022,SHERRY TRANSFER,IMP,5,838,1241,,HEIGHT GROWTH (CM),None,None,11.0
2022,SHERRY TRANSFER,IMP,5,843,1241,,HEIGHT GROWTH (CM),None,None,5.0
2022,SHERRY TRANSFER,IMP,5,858,1241,,HEIGHT GROWTH (CM),None,None,3.0
2022,SHERRY TRANSFER,IMP,5,862,1241,,HEIGHT GROWTH (CM),None,None,9.0
2022,SHERRY TRANSFER,IMP,5,863,1241,,HEIGHT GROWTH (CM),None,None,10.0
2022,SHERRY TRANSFER,IMP,5,878,1241,,HEIGHT GROWTH (CM),None,None,13.0
2022,SHERRY TRANSFER,IMP,5,879,1241,,HEIGHT GROWTH (CM),None,None,12.0
2022,SHERRY TRANSFER,IMP,5,882,1241,,HEIGHT GROWTH (CM),None,None,8.0
2022,SHERRY TRANSFER,IMP,5,883,1241,,HEIGHT GROWTH (CM),None,None,10.0
2022,SHERRY TRANSFER,IMP,5,898,1241,,HEIGHT GROWTH (CM),None,None,10.0
2022,SHERRY TRANSFER,IMP,5,899,1241,,HEIGHT GROWTH (CM),None,None,14.0
2022,SHERRY TRANSFER,IMP,5,808,4113,,HEIGHT GROWTH (CM),None,None,6.0
2022,SHERRY TRANSFER,IMP,5,809,4113,,HEIGHT GROWTH (CM),None,None,13.0
2022,SHERRY TRANSFER,IMP,5,812,4113,,HEIGHT GROWTH (CM),None,None,8.0
2022,SHERRY TRANSFER,IMP,5,813,4113,,HEIGHT GROWTH (CM),None,None,8.0
2022,SHERRY TRANSFER,IMP,5,828,4113,,HEIGHT GROWTH (CM),None,None,6.0
2022,SHERRY TRANSFER,IMP,5,829,4113,,HEIGHT GROWTH (CM),None,None,7.0
2022,SHERRY TRANSFER,IMP,5,832,4113,,HEIGHT GROWTH (CM),None,None,9.0
2022,SHERRY TRANSFER,IMP,5,833,4113,,HEIGHT GROWTH (CM),None,None,3.0
2022,SHERRY TRANSFER,IMP,5,848,4113,,HEIGHT GROWTH (CM),None,None,9.0
2022,SHERRY TRANSFER,IMP,5,853,4113,,HEIGHT GROWTH (CM),None,None,2.0
2022,SHERRY TRANSFER,IMP,5,868,4113,,HEIGHT GROWTH (CM),None,None,9.0
2022,SHERRY TRANSFER,IMP,5,873,4113,,HEIGHT GROWTH (CM),None,None,14.0
2022,SHERRY TRANSFER,IMP,5,874,4113,,HEIGHT GROWTH (CM),None,None,8.0
2022,SHERRY TRANSFER,IMP,5,887,4113,,HEIGHT GROWTH (CM),None,None,14.0
2022,SHERRY TRANSFER,IMP,5,888,4113,,HEIGHT GROWTH (CM),None,None,9.0
2022,SHERRY TRANSFER,IMP,5,893,4113,,HEIGHT GROWTH (CM),None,None,11.0
2022,SHERRY TRANSFER,IMP,5,894,4113,,HEIGHT GROWTH (CM),None,None,5.0
2022,SHERRY TRANSFER,IMP,5,810,4114,,HEIGHT GROWTH (CM),None,None,13.0
2022,SHERRY TRANSFER,IMP,5,811,4114,,HEIGHT GROWTH (CM),None,None,7.0
2022,SHERRY TRANSFER,IMP,5,830,4114,,HEIGHT GROWTH (CM),None,None,7.0
2022,SHERRY TRANSFER,IMP,5,831,4114,,HEIGHT GROWTH (CM),None,None,10.0
2022,SHERRY TRANSFER,IMP,5,849,4114,,HEIGHT GROWTH (CM),None,None,7.0
2022,SHERRY TRANSFER,IMP,5,850,4114,,HEIGHT GROWTH (CM),None,None,7.0
2022,SHERRY TRANSFER,IMP,5,851,4114,,HEIGHT GROWTH (CM),None,None,10.0
2022,SHERRY TRANSFER,IMP,5,852,4114,,HEIGHT GROWTH (CM),None,None,3.0
2022,SHERRY TRANSFER,IMP,5,869,4114,,HEIGHT GROWTH (CM),None,None,9.0
2022,SHERRY TRANSFER,IMP,5,870,4114,,HEIGHT GROWTH (CM),None,None,11.0
2022,SHERRY TRANSFER,IMP,5,871,4114,,HEIGHT GROWTH (CM),None,None,12.0
2022,SHERRY TRANSFER,IMP,5,872,4114,,HEIGHT GROWTH (CM),None,None,13.0
2022,SHERRY TRANSFER,IMP,5,889,4114,,HEIGHT GROWTH (CM),None,None,9.0
2022,SHERRY TRANSFER,IMP,5,890,4114,,HEIGHT GROWTH (CM),None,None,6.0
2022,SHERRY TRANSFER,IMP,5,891,4114,,HEIGHT GROWTH (CM),None,None,7.0
2022,SHERRY TRANSFER,IMP,5,892,4114,,HEIGHT GROWTH (CM),None,None,6.0
2022,SHERRY TRANSFER,IMP,5,801,4215,,HEIGHT GROWTH (CM),None,None,9.0
2022,SHERRY TRANSFER,IMP,5,802,4215,,HEIGHT GROWTH (CM),None,None,10.0
2022,SHERRY TRANSFER,IMP,5,819,4215,,HEIGHT GROWTH (CM),None,None,2.0
2022,SHERRY TRANSFER,IMP,5,820,4215,,HEIGHT GROWTH (CM),None,None,14.0
2022,SHERRY TRANSFER,IMP,5,821,4215,,HEIGHT GROWTH (CM),None,None,15.0
2022,SHERRY TRANSFER,IMP,5,822,4215,,HEIGHT GROWTH (CM),None,None,10.0
2022,SHERRY TRANSFER,IMP,5,839,4215,,HEIGHT GROWTH (CM),None,None,5.0
2022,SHERRY TRANSFER,IMP,5,840,4215,,HEIGHT GROWTH (CM),None,None,10.0
2022,SHERRY TRANSFER,IMP,5,841,4215,,HEIGHT GROWTH (CM),None,None,9.0
2022,SHERRY TRANSFER,IMP,5,842,4215,,HEIGHT GROWTH (CM),None,None,11.0
2022,SHERRY TRANSFER,IMP,5,859,4215,,HEIGHT GROWTH (CM),None,None,1.0
2022,SHERRY TRANSFER,IMP,5,860,4215,,HEIGHT GROWTH (CM),None,None,6.0
2022,SHERRY TRANSFER,IMP,5,861,4215,,HEIGHT GROWTH (CM),None,None,7.0
2022,SHERRY TRANSFER,IMP,5,880,4215,,HEIGHT GROWTH (CM),None,None,11.0
2022,SHERRY TRANSFER,IMP,5,881,4215,,HEIGHT GROWTH (CM),None,None,9.0
2022,SHERRY TRANSFER,IMP,5,900,4215,,HEIGHT GROWTH (CM),None,None,10.0
2022,SHERRY TRANSFER,IMP,6,910,1032,,HEIGHT GROWTH (CM),None,None,12.0
2022,SHERRY TRANSFER,IMP,6,911,1032,,HEIGHT GROWTH (CM),None,None,8.0
2022,SHERRY TRANSFER,IMP,6,930,1032,,HEIGHT GROWTH (CM),None,None,14.0
2022,SHERRY TRANSFER,IMP,6,931,1032,,HEIGHT GROWTH (CM),None,None,12.0
2022,SHERRY TRANSFER,IMP,6,932,1032,,HEIGHT GROWTH (CM),None,None,14.0
2022,SHERRY TRANSFER,IMP,6,949,1032,,HEIGHT GROWTH (CM),None,None,12.0
2022,SHERRY TRANSFER,IMP,6,950,1032,,HEIGHT GROWTH (CM),None,None,11.0
2022,SHERRY TRANSFER,IMP,6,951,1032,,HEIGHT GROWTH (CM),None,None,9.0
2022,SHERRY TRANSFER,IMP,6,952,1032,,HEIGHT GROWTH (CM),None,None,8.0
2022,SHERRY TRANSFER,IMP,6,969,1032,,HEIGHT GROWTH (CM),None,None,10.0
2022,SHERRY TRANSFER,IMP,6,970,1032,,HEIGHT GROWTH (CM),None,None,11.0
2022,SHERRY TRANSFER,IMP,6,971,1032,,HEIGHT GROWTH (CM),None,None,14.0
2022,SHERRY TRANSFER,IMP,6,972,1032,,HEIGHT GROWTH (CM),None,None,12.0
2022,SHERRY TRANSFER,IMP,6,989,1032,,HEIGHT GROWTH (CM),None,None,14.0
2022,SHERRY TRANSFER,IMP,6,990,1032,,HEIGHT GROWTH (CM),None,None,19.0
2022,SHERRY TRANSFER,IMP,6,991,1032,,HEIGHT GROWTH (CM),None,None,10.0
2022,SHERRY TRANSFER,IMP,6,992,1032,,HEIGHT GROWTH (CM),None,None,13.0
2022,SHERRY TRANSFER,IMP,6,908,1119,,HEIGHT GROWTH (CM),None,None,9.0
2022,SHERRY TRANSFER,IMP,6,909,1119,,HEIGHT GROWTH (CM),None,None,14.0
2022,SHERRY TRANSFER,IMP,6,912,1119,,HEIGHT GROWTH (CM),None,None,12.0
2022,SHERRY TRANSFER,IMP,6,913,1119,,HEIGHT GROWTH (CM),None,None,12.0
2022,SHERRY TRANSFER,IMP,6,928,1119,,HEIGHT GROWTH (CM),None,None,15.0
2022,SHERRY TRANSFER,IMP,6,929,1119,,HEIGHT GROWTH (CM),None,None,12.0
2022,SHERRY TRANSFER,IMP,6,933,1119,,HEIGHT GROWTH (CM),None,None,16.0
2022,SHERRY TRANSFER,IMP,6,948,1119,,HEIGHT GROWTH (CM),None,None,10.0
2022,SHERRY TRANSFER,IMP,6,953,1119,,HEIGHT GROWTH (CM),None,None,12.0
2022,SHERRY TRANSFER,IMP,6,967,1119,,HEIGHT GROWTH (CM),None,None,15.0
2022,SHERRY TRANSFER,IMP,6,968,1119,,HEIGHT GROWTH (CM),None,None,15.0
2022,SHERRY TRANSFER,IMP,6,973,1119,,HEIGHT GROWTH (CM),None,None,11.0
2022,SHERRY TRANSFER,IMP,6,974,1119,,HEIGHT GROWTH (CM),None,None,12.0
2022,SHERRY TRANSFER,IMP,6,987,1119,,HEIGHT GROWTH (CM),None,None,9.0
2022,SHERRY TRANSFER,IMP,6,988,1119,,HEIGHT GROWTH (CM),None,None,7.0
2022,SHERRY TRANSFER,IMP,6,993,1119,,HEIGHT GROWTH (CM),None,None,11.0
2022,SHERRY TRANSFER,IMP,6,994,1119,,HEIGHT GROWTH (CM),None,None,12.0
2022,SHERRY TRANSFER,IMP,6,906,1241,,HEIGHT GROWTH (CM),None,None,7.0
2022,SHERRY TRANSFER,IMP,6,907,1241,,HEIGHT GROWTH (CM),None,None,12.0
2022,SHERRY TRANSFER,IMP,6,914,1241,,HEIGHT GROWTH (CM),None,None,11.0
2022,SHERRY TRANSFER,IMP,6,915,1241,,HEIGHT GROWTH (CM),None,None,9.0
2022,SHERRY TRANSFER,IMP,6,926,1241,,HEIGHT GROWTH (CM),None,None,19.0
2022,SHERRY TRANSFER,IMP,6,927,1241,,HEIGHT GROWTH (CM),None,None,10.0
2022,SHERRY TRANSFER,IMP,6,934,1241,,HEIGHT GROWTH (CM),None,None,13.0
2022,SHERRY TRANSFER,IMP,6,935,1241,,HEIGHT GROWTH (CM),None,None,14.0
2022,SHERRY TRANSFER,IMP,6,946,1241,,HEIGHT GROWTH (CM),None,None,14.0
2022,SHERRY TRANSFER,IMP,6,947,1241,,HEIGHT GROWTH (CM),None,None,7.0
2022,SHERRY TRANSFER,IMP,6,954,1241,,HEIGHT GROWTH (CM),None,None,15.0
2022,SHERRY TRANSFER,IMP,6,955,1241,,HEIGHT GROWTH (CM),None,None,6.0
2022,SHERRY TRANSFER,IMP,6,966,1241,,HEIGHT GROWTH (CM),None,None,10.0
2022,SHERRY TRANSFER,IMP,6,975,1241,,HEIGHT GROWTH (CM),None,None,12.0
2022,SHERRY TRANSFER,IMP,6,986,1241,,HEIGHT GROWTH (CM),None,None,10.0
2022,SHERRY TRANSFER,IMP,6,995,1241,,HEIGHT GROWTH (CM),None,None,13.0
2022,SHERRY TRANSFER,IMP,6,901,4113,,HEIGHT GROWTH (CM),None,None,2.0
2022,SHERRY TRANSFER,IMP,6,902,4113,,HEIGHT GROWTH (CM),None,None,9.0
2022,SHERRY TRANSFER,IMP,6,919,4113,,HEIGHT GROWTH (CM),None,None,10.0
2022,SHERRY TRANSFER,IMP,6,920,4113,,HEIGHT GROWTH (CM),None,None,14.0
2022,SHERRY TRANSFER,IMP,6,921,4113,,HEIGHT GROWTH (CM),None,None,9.0
2022,SHERRY TRANSFER,IMP,6,922,4113,,HEIGHT GROWTH (CM),None,None,6.0
2022,SHERRY TRANSFER,IMP,6,939,4113,,HEIGHT GROWTH (CM),None,None,13.0
2022,SHERRY TRANSFER,IMP,6,940,4113,,HEIGHT GROWTH (CM),None,None,15.0
2022,SHERRY TRANSFER,IMP,6,941,4113,,HEIGHT GROWTH (CM),None,None,13.0
2022,SHERRY TRANSFER,IMP,6,942,4113,,HEIGHT GROWTH (CM),None,None,18.0
2022,SHERRY TRANSFER,IMP,6,959,4113,,HEIGHT GROWTH (CM),None,None,4.0
2022,SHERRY TRANSFER,IMP,6,960,4113,,HEIGHT GROWTH (CM),None,None,8.0
2022,SHERRY TRANSFER,IMP,6,961,4113,,HEIGHT GROWTH (CM),None,None,11.0
2022,SHERRY TRANSFER,IMP,6,980,4113,,HEIGHT GROWTH (CM),None,None,9.0
2022,SHERRY TRANSFER,IMP,6,981,4113,,HEIGHT GROWTH (CM),None,None,9.0
2022,SHERRY TRANSFER,IMP,6,1000,4113,,HEIGHT GROWTH (CM),None,None,15.0
2022,SHERRY TRANSFER,IMP,6,903,4114,,HEIGHT GROWTH (CM),None,None,8.0
2022,SHERRY TRANSFER,IMP,6,904,4114,,HEIGHT GROWTH (CM),None,None,7.0
2022,SHERRY TRANSFER,IMP,6,917,4114,,HEIGHT GROWTH (CM),None,None,5.0
2022,SHERRY TRANSFER,IMP,6,918,4114,,HEIGHT GROWTH (CM),None,None,5.0
2022,SHERRY TRANSFER,IMP,6,923,4114,,HEIGHT GROWTH (CM),None,None,0.0
2022,SHERRY TRANSFER,IMP,6,924,4114,,HEIGHT GROWTH (CM),None,None,8.0
2022,SHERRY TRANSFER,IMP,6,938,4114,,HEIGHT GROWTH (CM),None,None,17.0
2022,SHERRY TRANSFER,IMP,6,943,4114,,HEIGHT GROWTH (CM),None,None,12.0
2022,SHERRY TRANSFER,IMP,6,958,4114,,HEIGHT GROWTH (CM),None,None,9.0
2022,SHERRY TRANSFER,IMP,6,962,4114,,HEIGHT GROWTH (CM),None,None,11.0
2022,SHERRY TRANSFER,IMP,6,963,4114,,HEIGHT GROWTH (CM),None,None,7.0
2022,SHERRY TRANSFER,IMP,6,978,4114,,HEIGHT GROWTH (CM),None,None,10.0
2022,SHERRY TRANSFER,IMP,6,979,4114,,HEIGHT GROWTH (CM),None,None,10.0
2022,SHERRY TRANSFER,IMP,6,982,4114,,HEIGHT GROWTH (CM),None,None,13.0
2022,SHERRY TRANSFER,IMP,6,983,4114,,HEIGHT GROWTH (CM),None,None,12.0
2022,SHERRY TRANSFER,IMP,6,998,4114,,HEIGHT GROWTH (CM),None,None,9.0
2022,SHERRY TRANSFER,IMP,6,999,4114,,HEIGHT GROWTH (CM),None,None,9.0
2022,SHERRY TRANSFER,IMP,6,905,4215,,HEIGHT GROWTH (CM),None,None,14.0
2022,SHERRY TRANSFER,IMP,6,916,4215,,HEIGHT GROWTH (CM),None,None,13.0
2022,SHERRY TRANSFER,IMP,6,925,4215,,HEIGHT GROWTH (CM),None,None,14.0
2022,SHERRY TRANSFER,IMP,6,936,4215,,HEIGHT GROWTH (CM),None,None,14.0
2022,SHERRY TRANSFER,IMP,6,937,4215,,HEIGHT GROWTH (CM),None,None,12.0
2022,SHERRY TRANSFER,IMP,6,944,4215,,HEIGHT GROWTH (CM),None,None,12.0
2022,SHERRY TRANSFER,IMP,6,945,4215,,HEIGHT GROWTH (CM),None,None,7.0
2022,SHERRY TRANSFER,IMP,6,956,4215,,HEIGHT GROWTH (CM),None,None,11.0
2022,SHERRY TRANSFER,IMP,6,957,4215,,HEIGHT GROWTH (CM),Dead,None,
2022,SHERRY TRANSFER,IMP,6,964,4215,,HEIGHT GROWTH (CM),None,None,6.0
2022,SHERRY TRANSFER,IMP,6,965,4215,,HEIGHT GROWTH (CM),None,None,11.0
2022,SHERRY TRANSFER,IMP,6,976,4215,,HEIGHT GROWTH (CM),None,None,2.0
2022,SHERRY TRANSFER,IMP,6,977,4215,,HEIGHT GROWTH (CM),None,None,11.0
2022,SHERRY TRANSFER,IMP,6,984,4215,,HEIGHT GROWTH (CM),None,None,12.0
2022,SHERRY TRANSFER,IMP,6,985,4215,,HEIGHT GROWTH (CM),None,None,13.0
2022,SHERRY TRANSFER,IMP,6,996,4215,,HEIGHT GROWTH (CM),None,None,14.0
2022,SHERRY TRANSFER,IMP,6,997,4215,,HEIGHT GROWTH (CM),None,None,3.0
